image_path,stock_code,description,class_id
../data/cnn_dataset/train/20726/0083_aug_f754c848.jpg,20726,LUNCH BAG WOODLAND,0
../data/cnn_dataset/train/20726/0096_aug_452de6f2.jpg,20726,LUNCH BAG WOODLAND,0
../data/cnn_dataset/train/20726/0043_aug_fbf097e6.jpg,20726,LUNCH BAG WOODLAND,0
../data/cnn_dataset/train/20726/0045_aug_6732a614.jpg,20726,LUNCH BAG WOODLAND,0
../data/cnn_dataset/train/20726/0098_aug_47c2991e.jpg,20726,LUNCH BAG WOODLAND,0
../data/cnn_dataset/train/20726/0004_ed315a15.jpg,20726,LUNCH BAG WOODLAND,0
../data/cnn_dataset/train/20726/0040_aug_b52b66f6.jpg,20726,LUNCH BAG WOODLAND,0
../data/cnn_dataset/train/20726/0000_fe2564b7.jpg,20726,LUNCH BAG WOODLAND,0
../data/cnn_dataset/train/20726/0022_aug_756e1c1d.jpg,20726,LUNCH BAG WOODLAND,0
../data/cnn_dataset/train/20726/0070_aug_abc8a43d.jpg,20726,LUNCH BAG WOODLAND,0
../data/cnn_dataset/train/20726/0066_aug_f143fdf7.jpg,20726,LUNCH BAG WOODLAND,0
../data/cnn_dataset/train/20726/0087_aug_b8b3957c.jpg,20726,LUNCH BAG WOODLAND,0
../data/cnn_dataset/train/20726/0112_aug_d71247dd.jpg,20726,LUNCH BAG WOODLAND,0
../data/cnn_dataset/train/20726/0069_aug_ef74ec4b.jpg,20726,LUNCH BAG WOODLAND,0
../data/cnn_dataset/train/20726/0079_aug_9f9dc8e2.jpg,20726,LUNCH BAG WOODLAND,0
../data/cnn_dataset/train/20726/0120_aug_5b0870d1.jpg,20726,LUNCH BAG WOODLAND,0
../data/cnn_dataset/train/20726/0015_58779719.jpg,20726,LUNCH BAG WOODLAND,0
../data/cnn_dataset/train/20726/0055_aug_aeebd6d6.jpg,20726,LUNCH BAG WOODLAND,0
../data/cnn_dataset/train/20726/0121_aug_8a997389.jpg,20726,LUNCH BAG WOODLAND,0
../data/cnn_dataset/train/20726/0131_aug_15bf4778.jpg,20726,LUNCH BAG WOODLAND,0
../data/cnn_dataset/train/20726/0132_aug_a54afde2.jpg,20726,LUNCH BAG WOODLAND,0
../data/cnn_dataset/train/20726/0053_aug_f38f5813.jpg,20726,LUNCH BAG WOODLAND,0
../data/cnn_dataset/train/20726/0105_aug_6425dad7.jpg,20726,LUNCH BAG WOODLAND,0
../data/cnn_dataset/train/20726/0061_aug_d2793f1d.jpg,20726,LUNCH BAG WOODLAND,0
../data/cnn_dataset/train/20726/0014_3820651d.jpg,20726,LUNCH BAG WOODLAND,0
../data/cnn_dataset/train/20726/0110_aug_4a98be35.jpg,20726,LUNCH BAG WOODLAND,0
../data/cnn_dataset/train/20726/0094_aug_8e9714d0.jpg,20726,LUNCH BAG WOODLAND,0
../data/cnn_dataset/train/20726/0075_aug_dbef9fb3.jpg,20726,LUNCH BAG WOODLAND,0
../data/cnn_dataset/train/20726/0129_aug_99bf1d99.jpg,20726,LUNCH BAG WOODLAND,0
../data/cnn_dataset/train/20726/0102_aug_098f096d.jpg,20726,LUNCH BAG WOODLAND,0
../data/cnn_dataset/train/20726/0076_aug_af56f81a.jpg,20726,LUNCH BAG WOODLAND,0
../data/cnn_dataset/train/20726/0104_aug_3b38d016.jpg,20726,LUNCH BAG WOODLAND,0
../data/cnn_dataset/train/20726/0099_aug_314abdad.jpg,20726,LUNCH BAG WOODLAND,0
../data/cnn_dataset/train/20726/0028_aug_514dc5f8.jpg,20726,LUNCH BAG WOODLAND,0
../data/cnn_dataset/train/20726/0052_aug_7d45b831.jpg,20726,LUNCH BAG WOODLAND,0
../data/cnn_dataset/train/20726/0056_aug_e1faa14c.jpg,20726,LUNCH BAG WOODLAND,0
../data/cnn_dataset/train/20726/0006_e2c87a52.jpg,20726,LUNCH BAG WOODLAND,0
../data/cnn_dataset/train/20726/0033_aug_d160f1e9.jpg,20726,LUNCH BAG WOODLAND,0
../data/cnn_dataset/train/20726/0062_aug_837b6576.jpg,20726,LUNCH BAG WOODLAND,0
../data/cnn_dataset/train/20726/0011_0942048c.jpg,20726,LUNCH BAG WOODLAND,0
../data/cnn_dataset/train/20726/0039_aug_52927246.jpg,20726,LUNCH BAG WOODLAND,0
../data/cnn_dataset/train/20726/0044_aug_bd2108ae.jpg,20726,LUNCH BAG WOODLAND,0
../data/cnn_dataset/train/20726/0037_aug_aea49ff7.jpg,20726,LUNCH BAG WOODLAND,0
../data/cnn_dataset/train/20726/0128_aug_5692c8d6.jpg,20726,LUNCH BAG WOODLAND,0
../data/cnn_dataset/train/20726/0068_aug_85f84b5a.jpg,20726,LUNCH BAG WOODLAND,0
../data/cnn_dataset/train/20726/0095_aug_e05f6354.jpg,20726,LUNCH BAG WOODLAND,0
../data/cnn_dataset/train/20726/0032_aug_0e6dedb4.jpg,20726,LUNCH BAG WOODLAND,0
../data/cnn_dataset/train/20726/0049_aug_8a0adfef.jpg,20726,LUNCH BAG WOODLAND,0
../data/cnn_dataset/train/20726/0074_aug_f5fd0524.jpg,20726,LUNCH BAG WOODLAND,0
../data/cnn_dataset/train/20726/0130_aug_551821a9.jpg,20726,LUNCH BAG WOODLAND,0
../data/cnn_dataset/train/20726/0081_aug_cb1bb83d.jpg,20726,LUNCH BAG WOODLAND,0
../data/cnn_dataset/train/20726/0103_aug_483deea1.jpg,20726,LUNCH BAG WOODLAND,0
../data/cnn_dataset/train/20726/0007_60b3f227.jpg,20726,LUNCH BAG WOODLAND,0
../data/cnn_dataset/train/20726/0091_aug_1e7ce56c.jpg,20726,LUNCH BAG WOODLAND,0
../data/cnn_dataset/train/20726/0020_aug_228d6772.jpg,20726,LUNCH BAG WOODLAND,0
../data/cnn_dataset/train/20726/0119_aug_a8721813.jpg,20726,LUNCH BAG WOODLAND,0
../data/cnn_dataset/train/20726/0067_aug_e392a09e.jpg,20726,LUNCH BAG WOODLAND,0
../data/cnn_dataset/train/20726/0046_aug_9c000bba.jpg,20726,LUNCH BAG WOODLAND,0
../data/cnn_dataset/train/20726/0058_aug_41278773.jpg,20726,LUNCH BAG WOODLAND,0
../data/cnn_dataset/train/20726/0090_aug_7cc9aba2.jpg,20726,LUNCH BAG WOODLAND,0
../data/cnn_dataset/train/20726/0025_aug_3e049f7f.jpg,20726,LUNCH BAG WOODLAND,0
../data/cnn_dataset/train/20726/0021_aug_9371c5cf.jpg,20726,LUNCH BAG WOODLAND,0
../data/cnn_dataset/train/20726/0034_aug_4af69958.jpg,20726,LUNCH BAG WOODLAND,0
../data/cnn_dataset/train/20726/0092_aug_c8770a40.jpg,20726,LUNCH BAG WOODLAND,0
../data/cnn_dataset/train/20726/0003_bf938706.jpg,20726,LUNCH BAG WOODLAND,0
../data/cnn_dataset/train/20726/0017_ea280acf.jpg,20726,LUNCH BAG WOODLAND,0
../data/cnn_dataset/train/20726/0051_aug_b321c835.jpg,20726,LUNCH BAG WOODLAND,0
../data/cnn_dataset/train/20726/0111_aug_b85b2241.jpg,20726,LUNCH BAG WOODLAND,0
../data/cnn_dataset/train/20726/0036_aug_60970efd.jpg,20726,LUNCH BAG WOODLAND,0
../data/cnn_dataset/train/20726/0050_aug_143c73a0.jpg,20726,LUNCH BAG WOODLAND,0
../data/cnn_dataset/train/20726/0100_aug_64755782.jpg,20726,LUNCH BAG WOODLAND,0
../data/cnn_dataset/train/20726/0009_f73f23f2.jpg,20726,LUNCH BAG WOODLAND,0
../data/cnn_dataset/train/20726/0013_16a531b5.jpg,20726,LUNCH BAG WOODLAND,0
../data/cnn_dataset/train/20726/0107_aug_769871b7.jpg,20726,LUNCH BAG WOODLAND,0
../data/cnn_dataset/train/20726/0127_aug_ae295607.jpg,20726,LUNCH BAG WOODLAND,0
../data/cnn_dataset/train/20726/0023_aug_5267811f.jpg,20726,LUNCH BAG WOODLAND,0
../data/cnn_dataset/train/20726/0086_aug_2869506a.jpg,20726,LUNCH BAG WOODLAND,0
../data/cnn_dataset/train/20726/0047_aug_5187c16a.jpg,20726,LUNCH BAG WOODLAND,0
../data/cnn_dataset/train/20726/0125_aug_118c3ddd.jpg,20726,LUNCH BAG WOODLAND,0
../data/cnn_dataset/train/20726/0109_aug_54c6656f.jpg,20726,LUNCH BAG WOODLAND,0
../data/cnn_dataset/train/20726/0030_aug_6ea96cab.jpg,20726,LUNCH BAG WOODLAND,0
../data/cnn_dataset/train/20726/0005_75c68025.jpg,20726,LUNCH BAG WOODLAND,0
../data/cnn_dataset/train/20726/0078_aug_1658480e.jpg,20726,LUNCH BAG WOODLAND,0
../data/cnn_dataset/train/20726/0065_aug_d6460cb7.jpg,20726,LUNCH BAG WOODLAND,0
../data/cnn_dataset/train/20726/0126_aug_270d8f15.jpg,20726,LUNCH BAG WOODLAND,0
../data/cnn_dataset/train/20726/0016_baa18279.jpg,20726,LUNCH BAG WOODLAND,0
../data/cnn_dataset/train/20726/0042_aug_1cb660e0.jpg,20726,LUNCH BAG WOODLAND,0
../data/cnn_dataset/train/20726/0027_aug_09f16e43.jpg,20726,LUNCH BAG WOODLAND,0
../data/cnn_dataset/train/20726/0018_b8bcdb34.jpg,20726,LUNCH BAG WOODLAND,0
../data/cnn_dataset/train/20726/0080_aug_8194c8c6.jpg,20726,LUNCH BAG WOODLAND,0
../data/cnn_dataset/train/20726/0071_aug_011a19cf.jpg,20726,LUNCH BAG WOODLAND,0
../data/cnn_dataset/train/20726/0115_aug_1dabbd9c.jpg,20726,LUNCH BAG WOODLAND,0
../data/cnn_dataset/train/20726/0059_aug_ad18b8de.jpg,20726,LUNCH BAG WOODLAND,0
../data/cnn_dataset/train/21034/0076_aug_fa15c4fe.jpg,21034,REX CASH+CARRY JUMBO SHOPPER,1
../data/cnn_dataset/train/21034/0138_aug_a26f39cb.jpg,21034,REX CASH+CARRY JUMBO SHOPPER,1
../data/cnn_dataset/train/21034/0013_9afbf404.jpg,21034,REX CASH+CARRY JUMBO SHOPPER,1
../data/cnn_dataset/train/21034/0003_5ff5f192.jpg,21034,REX CASH+CARRY JUMBO SHOPPER,1
../data/cnn_dataset/train/21034/0048_aug_c42d9db8.jpg,21034,REX CASH+CARRY JUMBO SHOPPER,1
../data/cnn_dataset/train/21034/0010_5fc5c8a2.jpg,21034,REX CASH+CARRY JUMBO SHOPPER,1
../data/cnn_dataset/train/21034/0016_f78deb6b.jpg,21034,REX CASH+CARRY JUMBO SHOPPER,1
../data/cnn_dataset/train/21034/0069_aug_170dd9d6.jpg,21034,REX CASH+CARRY JUMBO SHOPPER,1
../data/cnn_dataset/train/21034/0137_aug_0a5a06e6.jpg,21034,REX CASH+CARRY JUMBO SHOPPER,1
../data/cnn_dataset/train/21034/0097_aug_6eeba7a6.jpg,21034,REX CASH+CARRY JUMBO SHOPPER,1
../data/cnn_dataset/train/21034/0124_aug_bbd410b9.jpg,21034,REX CASH+CARRY JUMBO SHOPPER,1
../data/cnn_dataset/train/21034/0042_aug_5434fdcf.jpg,21034,REX CASH+CARRY JUMBO SHOPPER,1
../data/cnn_dataset/train/21034/0036_aug_ee20ddca.jpg,21034,REX CASH+CARRY JUMBO SHOPPER,1
../data/cnn_dataset/train/21034/0035_aug_539ee6a4.jpg,21034,REX CASH+CARRY JUMBO SHOPPER,1
../data/cnn_dataset/train/21034/0095_aug_3d1eead2.jpg,21034,REX CASH+CARRY JUMBO SHOPPER,1
../data/cnn_dataset/train/21034/0052_aug_4404e9ea.jpg,21034,REX CASH+CARRY JUMBO SHOPPER,1
../data/cnn_dataset/train/21034/0139_aug_b09c4dde.jpg,21034,REX CASH+CARRY JUMBO SHOPPER,1
../data/cnn_dataset/train/21034/0114_aug_b251c3bb.jpg,21034,REX CASH+CARRY JUMBO SHOPPER,1
../data/cnn_dataset/train/21034/0131_aug_fd37ed82.jpg,21034,REX CASH+CARRY JUMBO SHOPPER,1
../data/cnn_dataset/train/21034/0019_5cfcb8a2.jpg,21034,REX CASH+CARRY JUMBO SHOPPER,1
../data/cnn_dataset/train/21034/0121_aug_a7cfc8f2.jpg,21034,REX CASH+CARRY JUMBO SHOPPER,1
../data/cnn_dataset/train/21034/0074_aug_7ad19bc5.jpg,21034,REX CASH+CARRY JUMBO SHOPPER,1
../data/cnn_dataset/train/21034/0044_aug_d09715dd.jpg,21034,REX CASH+CARRY JUMBO SHOPPER,1
../data/cnn_dataset/train/21034/0066_aug_f4579879.jpg,21034,REX CASH+CARRY JUMBO SHOPPER,1
../data/cnn_dataset/train/21034/0084_aug_b32f73b9.jpg,21034,REX CASH+CARRY JUMBO SHOPPER,1
../data/cnn_dataset/train/21034/0014_c00d8815.jpg,21034,REX CASH+CARRY JUMBO SHOPPER,1
../data/cnn_dataset/train/21034/0051_aug_934484ed.jpg,21034,REX CASH+CARRY JUMBO SHOPPER,1
../data/cnn_dataset/train/21034/0064_aug_d2cf228b.jpg,21034,REX CASH+CARRY JUMBO SHOPPER,1
../data/cnn_dataset/train/21034/0040_aug_9d67608b.jpg,21034,REX CASH+CARRY JUMBO SHOPPER,1
../data/cnn_dataset/train/21034/0087_aug_a889c22a.jpg,21034,REX CASH+CARRY JUMBO SHOPPER,1
../data/cnn_dataset/train/21034/0006_7646c5fb.jpg,21034,REX CASH+CARRY JUMBO SHOPPER,1
../data/cnn_dataset/train/21034/0068_aug_63f43536.jpg,21034,REX CASH+CARRY JUMBO SHOPPER,1
../data/cnn_dataset/train/21034/0015_c7411caa.jpg,21034,REX CASH+CARRY JUMBO SHOPPER,1
../data/cnn_dataset/train/21034/0129_aug_cea9da44.jpg,21034,REX CASH+CARRY JUMBO SHOPPER,1
../data/cnn_dataset/train/21034/0133_aug_5c992725.jpg,21034,REX CASH+CARRY JUMBO SHOPPER,1
../data/cnn_dataset/train/21034/0088_aug_8dbf27ec.jpg,21034,REX CASH+CARRY JUMBO SHOPPER,1
../data/cnn_dataset/train/21034/0086_aug_502ddbbe.jpg,21034,REX CASH+CARRY JUMBO SHOPPER,1
../data/cnn_dataset/train/21034/0054_aug_d85522ec.jpg,21034,REX CASH+CARRY JUMBO SHOPPER,1
../data/cnn_dataset/train/21034/0065_aug_183cbc72.jpg,21034,REX CASH+CARRY JUMBO SHOPPER,1
../data/cnn_dataset/train/21034/0008_b0fedd2d.jpg,21034,REX CASH+CARRY JUMBO SHOPPER,1
../data/cnn_dataset/train/21034/0059_aug_fdb81688.jpg,21034,REX CASH+CARRY JUMBO SHOPPER,1
../data/cnn_dataset/train/21034/0057_aug_9ad1c8ea.jpg,21034,REX CASH+CARRY JUMBO SHOPPER,1
../data/cnn_dataset/train/21034/0058_aug_6c20a3e0.jpg,21034,REX CASH+CARRY JUMBO SHOPPER,1
../data/cnn_dataset/train/21034/0104_aug_ea267d86.jpg,21034,REX CASH+CARRY JUMBO SHOPPER,1
../data/cnn_dataset/train/21034/0039_aug_254dfe12.jpg,21034,REX CASH+CARRY JUMBO SHOPPER,1
../data/cnn_dataset/train/21034/0134_aug_6e889d55.jpg,21034,REX CASH+CARRY JUMBO SHOPPER,1
../data/cnn_dataset/train/21034/0110_aug_0c025132.jpg,21034,REX CASH+CARRY JUMBO SHOPPER,1
../data/cnn_dataset/train/21034/0001_b2c028eb.jpg,21034,REX CASH+CARRY JUMBO SHOPPER,1
../data/cnn_dataset/train/21034/0060_aug_5ccb28d5.jpg,21034,REX CASH+CARRY JUMBO SHOPPER,1
../data/cnn_dataset/train/21034/0032_aug_4bed1eac.jpg,21034,REX CASH+CARRY JUMBO SHOPPER,1
../data/cnn_dataset/train/21034/0081_aug_21f0313b.jpg,21034,REX CASH+CARRY JUMBO SHOPPER,1
../data/cnn_dataset/train/21034/0067_aug_40b2543a.jpg,21034,REX CASH+CARRY JUMBO SHOPPER,1
../data/cnn_dataset/train/21034/0096_aug_093c96c9.jpg,21034,REX CASH+CARRY JUMBO SHOPPER,1
../data/cnn_dataset/train/21034/0109_aug_7a8df0bb.jpg,21034,REX CASH+CARRY JUMBO SHOPPER,1
../data/cnn_dataset/train/21034/0123_aug_04aa3643.jpg,21034,REX CASH+CARRY JUMBO SHOPPER,1
../data/cnn_dataset/train/21034/0130_aug_5bc9cedf.jpg,21034,REX CASH+CARRY JUMBO SHOPPER,1
../data/cnn_dataset/train/21034/0091_aug_eb8bf174.jpg,21034,REX CASH+CARRY JUMBO SHOPPER,1
../data/cnn_dataset/train/21034/0027_aug_c54a6c82.jpg,21034,REX CASH+CARRY JUMBO SHOPPER,1
../data/cnn_dataset/train/21034/0103_aug_65c20404.jpg,21034,REX CASH+CARRY JUMBO SHOPPER,1
../data/cnn_dataset/train/21034/0089_aug_6db92e8b.jpg,21034,REX CASH+CARRY JUMBO SHOPPER,1
../data/cnn_dataset/train/21034/0090_aug_e8d69899.jpg,21034,REX CASH+CARRY JUMBO SHOPPER,1
../data/cnn_dataset/train/21034/0061_aug_ff8c48a5.jpg,21034,REX CASH+CARRY JUMBO SHOPPER,1
../data/cnn_dataset/train/21034/0038_aug_8bfde8ba.jpg,21034,REX CASH+CARRY JUMBO SHOPPER,1
../data/cnn_dataset/train/21034/0077_aug_eb2682ad.jpg,21034,REX CASH+CARRY JUMBO SHOPPER,1
../data/cnn_dataset/train/21034/0063_aug_99ac6f96.jpg,21034,REX CASH+CARRY JUMBO SHOPPER,1
../data/cnn_dataset/train/21034/0073_aug_08efa03b.jpg,21034,REX CASH+CARRY JUMBO SHOPPER,1
../data/cnn_dataset/train/21034/0072_aug_dc0a0bde.jpg,21034,REX CASH+CARRY JUMBO SHOPPER,1
../data/cnn_dataset/train/21034/0002_eacf4e0b.jpg,21034,REX CASH+CARRY JUMBO SHOPPER,1
../data/cnn_dataset/train/21034/0045_aug_9deb4239.jpg,21034,REX CASH+CARRY JUMBO SHOPPER,1
../data/cnn_dataset/train/21034/0122_aug_489612c9.jpg,21034,REX CASH+CARRY JUMBO SHOPPER,1
../data/cnn_dataset/train/21034/0106_aug_639feef2.jpg,21034,REX CASH+CARRY JUMBO SHOPPER,1
../data/cnn_dataset/train/21034/0031_aug_590704e2.jpg,21034,REX CASH+CARRY JUMBO SHOPPER,1
../data/cnn_dataset/train/21034/0118_aug_98948cc0.jpg,21034,REX CASH+CARRY JUMBO SHOPPER,1
../data/cnn_dataset/train/21034/0117_aug_1bfb7ef4.jpg,21034,REX CASH+CARRY JUMBO SHOPPER,1
../data/cnn_dataset/train/21034/0101_aug_7d446189.jpg,21034,REX CASH+CARRY JUMBO SHOPPER,1
../data/cnn_dataset/train/21034/0085_aug_9cbb481f.jpg,21034,REX CASH+CARRY JUMBO SHOPPER,1
../data/cnn_dataset/train/21034/0108_aug_86fbfa2e.jpg,21034,REX CASH+CARRY JUMBO SHOPPER,1
../data/cnn_dataset/train/21034/0017_b6d9de6c.jpg,21034,REX CASH+CARRY JUMBO SHOPPER,1
../data/cnn_dataset/train/21034/0111_aug_11ce5e33.jpg,21034,REX CASH+CARRY JUMBO SHOPPER,1
../data/cnn_dataset/train/21034/0028_aug_520841fd.jpg,21034,REX CASH+CARRY JUMBO SHOPPER,1
../data/cnn_dataset/train/21034/0020_aug_8107ec6c.jpg,21034,REX CASH+CARRY JUMBO SHOPPER,1
../data/cnn_dataset/train/21034/0007_71c5fb53.jpg,21034,REX CASH+CARRY JUMBO SHOPPER,1
../data/cnn_dataset/train/21034/0011_f9b4342a.jpg,21034,REX CASH+CARRY JUMBO SHOPPER,1
../data/cnn_dataset/train/21034/0049_aug_bae50fc0.jpg,21034,REX CASH+CARRY JUMBO SHOPPER,1
../data/cnn_dataset/train/21034/0120_aug_010f245b.jpg,21034,REX CASH+CARRY JUMBO SHOPPER,1
../data/cnn_dataset/train/21034/0046_aug_12ea7e44.jpg,21034,REX CASH+CARRY JUMBO SHOPPER,1
../data/cnn_dataset/train/21034/0098_aug_aaa6c0b1.jpg,21034,REX CASH+CARRY JUMBO SHOPPER,1
../data/cnn_dataset/train/21034/0022_aug_cbe5e99b.jpg,21034,REX CASH+CARRY JUMBO SHOPPER,1
../data/cnn_dataset/train/21034/0047_aug_d42cd62f.jpg,21034,REX CASH+CARRY JUMBO SHOPPER,1
../data/cnn_dataset/train/21034/0132_aug_0bf8fdd7.jpg,21034,REX CASH+CARRY JUMBO SHOPPER,1
../data/cnn_dataset/train/21034/0083_aug_d16ccf06.jpg,21034,REX CASH+CARRY JUMBO SHOPPER,1
../data/cnn_dataset/train/21034/0021_aug_4968d17e.jpg,21034,REX CASH+CARRY JUMBO SHOPPER,1
../data/cnn_dataset/train/21034/0012_663d892b.jpg,21034,REX CASH+CARRY JUMBO SHOPPER,1
../data/cnn_dataset/train/21034/0009_8c20e92d.jpg,21034,REX CASH+CARRY JUMBO SHOPPER,1
../data/cnn_dataset/train/21034/0136_aug_258a60ac.jpg,21034,REX CASH+CARRY JUMBO SHOPPER,1
../data/cnn_dataset/train/21034/0102_aug_3e41d924.jpg,21034,REX CASH+CARRY JUMBO SHOPPER,1
../data/cnn_dataset/train/21034/0094_aug_2ea2e95a.jpg,21034,REX CASH+CARRY JUMBO SHOPPER,1
../data/cnn_dataset/train/21034/0092_aug_dead89a6.jpg,21034,REX CASH+CARRY JUMBO SHOPPER,1
../data/cnn_dataset/train/21931/0079_aug_28abafc9.jpg,21931,JUMBO STORAGE BAG SUKI,2
../data/cnn_dataset/train/21931/0037_aug_36a591fc.jpg,21931,JUMBO STORAGE BAG SUKI,2
../data/cnn_dataset/train/21931/0087_aug_52b1d633.jpg,21931,JUMBO STORAGE BAG SUKI,2
../data/cnn_dataset/train/21931/0018_179172bf.jpg,21931,JUMBO STORAGE BAG SUKI,2
../data/cnn_dataset/train/21931/0128_aug_5ff3465d.jpg,21931,JUMBO STORAGE BAG SUKI,2
../data/cnn_dataset/train/21931/0110_aug_e47c427d.jpg,21931,JUMBO STORAGE BAG SUKI,2
../data/cnn_dataset/train/21931/0080_aug_e537c43a.jpg,21931,JUMBO STORAGE BAG SUKI,2
../data/cnn_dataset/train/21931/0022_aug_ee61f869.jpg,21931,JUMBO STORAGE BAG SUKI,2
../data/cnn_dataset/train/21931/0072_aug_8962bd86.jpg,21931,JUMBO STORAGE BAG SUKI,2
../data/cnn_dataset/train/21931/0028_aug_48823dcc.jpg,21931,JUMBO STORAGE BAG SUKI,2
../data/cnn_dataset/train/21931/0097_aug_5f505ff3.jpg,21931,JUMBO STORAGE BAG SUKI,2
../data/cnn_dataset/train/21931/0063_aug_50b3a908.jpg,21931,JUMBO STORAGE BAG SUKI,2
../data/cnn_dataset/train/21931/0073_aug_89a52b07.jpg,21931,JUMBO STORAGE BAG SUKI,2
../data/cnn_dataset/train/21931/0038_aug_00cf6717.jpg,21931,JUMBO STORAGE BAG SUKI,2
../data/cnn_dataset/train/21931/0102_aug_329be319.jpg,21931,JUMBO STORAGE BAG SUKI,2
../data/cnn_dataset/train/21931/0092_aug_67c31cc9.jpg,21931,JUMBO STORAGE BAG SUKI,2
../data/cnn_dataset/train/21931/0041_aug_32e41fbe.jpg,21931,JUMBO STORAGE BAG SUKI,2
../data/cnn_dataset/train/21931/0104_aug_2c797a23.jpg,21931,JUMBO STORAGE BAG SUKI,2
../data/cnn_dataset/train/21931/0056_aug_ba1cc417.jpg,21931,JUMBO STORAGE BAG SUKI,2
../data/cnn_dataset/train/21931/0088_aug_3f14551a.jpg,21931,JUMBO STORAGE BAG SUKI,2
../data/cnn_dataset/train/21931/0066_aug_276cac25.jpg,21931,JUMBO STORAGE BAG SUKI,2
../data/cnn_dataset/train/21931/0070_aug_b05a3b37.jpg,21931,JUMBO STORAGE BAG SUKI,2
../data/cnn_dataset/train/21931/0062_aug_dfd27f92.jpg,21931,JUMBO STORAGE BAG SUKI,2
../data/cnn_dataset/train/21931/0126_aug_97576100.jpg,21931,JUMBO STORAGE BAG SUKI,2
../data/cnn_dataset/train/21931/0043_aug_b7797b47.jpg,21931,JUMBO STORAGE BAG SUKI,2
../data/cnn_dataset/train/21931/0127_aug_a3d5328e.jpg,21931,JUMBO STORAGE BAG SUKI,2
../data/cnn_dataset/train/21931/0120_aug_162846ae.jpg,21931,JUMBO STORAGE BAG SUKI,2
../data/cnn_dataset/train/21931/0050_aug_e3230362.jpg,21931,JUMBO STORAGE BAG SUKI,2
../data/cnn_dataset/train/21931/0024_aug_411ae366.jpg,21931,JUMBO STORAGE BAG SUKI,2
../data/cnn_dataset/train/21931/0016_1f16d785.jpg,21931,JUMBO STORAGE BAG SUKI,2
../data/cnn_dataset/train/21931/0054_aug_ed31f317.jpg,21931,JUMBO STORAGE BAG SUKI,2
../data/cnn_dataset/train/21931/0010_402e03d1.jpg,21931,JUMBO STORAGE BAG SUKI,2
../data/cnn_dataset/train/21931/0025_aug_42499a04.jpg,21931,JUMBO STORAGE BAG SUKI,2
../data/cnn_dataset/train/21931/0091_aug_50f85bfc.jpg,21931,JUMBO STORAGE BAG SUKI,2
../data/cnn_dataset/train/21931/0044_aug_343c54a8.jpg,21931,JUMBO STORAGE BAG SUKI,2
../data/cnn_dataset/train/21931/0023_aug_66798753.jpg,21931,JUMBO STORAGE BAG SUKI,2
../data/cnn_dataset/train/21931/0095_aug_a47ffa50.jpg,21931,JUMBO STORAGE BAG SUKI,2
../data/cnn_dataset/train/21931/0026_aug_5bda0b3d.jpg,21931,JUMBO STORAGE BAG SUKI,2
../data/cnn_dataset/train/21931/0006_4b41d4c3.jpg,21931,JUMBO STORAGE BAG SUKI,2
../data/cnn_dataset/train/21931/0019_e0c40089.jpg,21931,JUMBO STORAGE BAG SUKI,2
../data/cnn_dataset/train/21931/0084_aug_037bf0cb.jpg,21931,JUMBO STORAGE BAG SUKI,2
../data/cnn_dataset/train/21931/0081_aug_7cf8575a.jpg,21931,JUMBO STORAGE BAG SUKI,2
../data/cnn_dataset/train/21931/0031_aug_4a521320.jpg,21931,JUMBO STORAGE BAG SUKI,2
../data/cnn_dataset/train/21931/0121_aug_d406dce2.jpg,21931,JUMBO STORAGE BAG SUKI,2
../data/cnn_dataset/train/21931/0064_aug_a29147d7.jpg,21931,JUMBO STORAGE BAG SUKI,2
../data/cnn_dataset/train/21931/0059_aug_82612754.jpg,21931,JUMBO STORAGE BAG SUKI,2
../data/cnn_dataset/train/21931/0004_1cdd6b0d.jpg,21931,JUMBO STORAGE BAG SUKI,2
../data/cnn_dataset/train/21931/0115_aug_174f06f4.jpg,21931,JUMBO STORAGE BAG SUKI,2
../data/cnn_dataset/train/21931/0136_aug_cabe6bc7.jpg,21931,JUMBO STORAGE BAG SUKI,2
../data/cnn_dataset/train/21931/0040_aug_09079e6c.jpg,21931,JUMBO STORAGE BAG SUKI,2
../data/cnn_dataset/train/21931/0003_e04e8a2d.jpg,21931,JUMBO STORAGE BAG SUKI,2
../data/cnn_dataset/train/21931/0046_aug_f64aa58b.jpg,21931,JUMBO STORAGE BAG SUKI,2
../data/cnn_dataset/train/21931/0065_aug_5337fae5.jpg,21931,JUMBO STORAGE BAG SUKI,2
../data/cnn_dataset/train/21931/0068_aug_f2547fe4.jpg,21931,JUMBO STORAGE BAG SUKI,2
../data/cnn_dataset/train/21931/0074_aug_9817faaf.jpg,21931,JUMBO STORAGE BAG SUKI,2
../data/cnn_dataset/train/21931/0106_aug_dbaacfc4.jpg,21931,JUMBO STORAGE BAG SUKI,2
../data/cnn_dataset/train/21931/0131_aug_a4260e33.jpg,21931,JUMBO STORAGE BAG SUKI,2
../data/cnn_dataset/train/21931/0105_aug_bab0035e.jpg,21931,JUMBO STORAGE BAG SUKI,2
../data/cnn_dataset/train/21931/0020_aug_3297b00f.jpg,21931,JUMBO STORAGE BAG SUKI,2
../data/cnn_dataset/train/21931/0107_aug_06b41070.jpg,21931,JUMBO STORAGE BAG SUKI,2
../data/cnn_dataset/train/21931/0123_aug_0792ef86.jpg,21931,JUMBO STORAGE BAG SUKI,2
../data/cnn_dataset/train/21931/0034_aug_bfbfa3ea.jpg,21931,JUMBO STORAGE BAG SUKI,2
../data/cnn_dataset/train/21931/0130_aug_a4778fe3.jpg,21931,JUMBO STORAGE BAG SUKI,2
../data/cnn_dataset/train/21931/0033_aug_c08e2a8f.jpg,21931,JUMBO STORAGE BAG SUKI,2
../data/cnn_dataset/train/21931/0119_aug_37cf0289.jpg,21931,JUMBO STORAGE BAG SUKI,2
../data/cnn_dataset/train/21931/0021_aug_9c0a07eb.jpg,21931,JUMBO STORAGE BAG SUKI,2
../data/cnn_dataset/train/21931/0057_aug_e7cdd4d1.jpg,21931,JUMBO STORAGE BAG SUKI,2
../data/cnn_dataset/train/21931/0017_8204672d.jpg,21931,JUMBO STORAGE BAG SUKI,2
../data/cnn_dataset/train/21931/0048_aug_411a57c5.jpg,21931,JUMBO STORAGE BAG SUKI,2
../data/cnn_dataset/train/21931/0098_aug_71e15845.jpg,21931,JUMBO STORAGE BAG SUKI,2
../data/cnn_dataset/train/21931/0103_aug_31e36e2f.jpg,21931,JUMBO STORAGE BAG SUKI,2
../data/cnn_dataset/train/21931/0007_0f056659.jpg,21931,JUMBO STORAGE BAG SUKI,2
../data/cnn_dataset/train/21931/0030_aug_bc796c4f.jpg,21931,JUMBO STORAGE BAG SUKI,2
../data/cnn_dataset/train/21931/0032_aug_4975038a.jpg,21931,JUMBO STORAGE BAG SUKI,2
../data/cnn_dataset/train/21931/0101_aug_bf482428.jpg,21931,JUMBO STORAGE BAG SUKI,2
../data/cnn_dataset/train/21931/0001_0be524a4.jpg,21931,JUMBO STORAGE BAG SUKI,2
../data/cnn_dataset/train/21931/0076_aug_ac68ab5f.jpg,21931,JUMBO STORAGE BAG SUKI,2
../data/cnn_dataset/train/21931/0039_aug_596c34f6.jpg,21931,JUMBO STORAGE BAG SUKI,2
../data/cnn_dataset/train/21931/0061_aug_5e860970.jpg,21931,JUMBO STORAGE BAG SUKI,2
../data/cnn_dataset/train/21931/0008_486099bf.jpg,21931,JUMBO STORAGE BAG SUKI,2
../data/cnn_dataset/train/21931/0011_88b1cd3e.jpg,21931,JUMBO STORAGE BAG SUKI,2
../data/cnn_dataset/train/21931/0013_535e903e.jpg,21931,JUMBO STORAGE BAG SUKI,2
../data/cnn_dataset/train/21931/0029_aug_2e488112.jpg,21931,JUMBO STORAGE BAG SUKI,2
../data/cnn_dataset/train/21931/0096_aug_2a163e12.jpg,21931,JUMBO STORAGE BAG SUKI,2
../data/cnn_dataset/train/21931/0067_aug_64d8670c.jpg,21931,JUMBO STORAGE BAG SUKI,2
../data/cnn_dataset/train/21931/0036_aug_33ba3e5a.jpg,21931,JUMBO STORAGE BAG SUKI,2
../data/cnn_dataset/train/21931/0108_aug_1fa577f3.jpg,21931,JUMBO STORAGE BAG SUKI,2
../data/cnn_dataset/train/21931/0099_aug_b872ea0c.jpg,21931,JUMBO STORAGE BAG SUKI,2
../data/cnn_dataset/train/21931/0078_aug_5ceda615.jpg,21931,JUMBO STORAGE BAG SUKI,2
../data/cnn_dataset/train/21931/0086_aug_4d6c4746.jpg,21931,JUMBO STORAGE BAG SUKI,2
../data/cnn_dataset/train/21931/0109_aug_9557f604.jpg,21931,JUMBO STORAGE BAG SUKI,2
../data/cnn_dataset/train/21931/0133_aug_1e87c9a7.jpg,21931,JUMBO STORAGE BAG SUKI,2
../data/cnn_dataset/train/21931/0082_aug_287aa5c7.jpg,21931,JUMBO STORAGE BAG SUKI,2
../data/cnn_dataset/train/21931/0058_aug_67f9375b.jpg,21931,JUMBO STORAGE BAG SUKI,2
../data/cnn_dataset/train/21931/0055_aug_54f4e412.jpg,21931,JUMBO STORAGE BAG SUKI,2
../data/cnn_dataset/train/21931/0138_aug_ee19e00a.jpg,21931,JUMBO STORAGE BAG SUKI,2
../data/cnn_dataset/train/21931/0089_aug_50726879.jpg,21931,JUMBO STORAGE BAG SUKI,2
../data/cnn_dataset/train/21931/0137_aug_f3e1e199.jpg,21931,JUMBO STORAGE BAG SUKI,2
../data/cnn_dataset/train/22077/0108_aug_c8e726bb.jpg,22077,6 RIBBONS RUSTIC CHARM,3
../data/cnn_dataset/train/22077/0119_aug_23f896f3.jpg,22077,6 RIBBONS RUSTIC CHARM,3
../data/cnn_dataset/train/22077/0076_aug_95e1fcc8.jpg,22077,6 RIBBONS RUSTIC CHARM,3
../data/cnn_dataset/train/22077/0028_aug_2d9720ea.jpg,22077,6 RIBBONS RUSTIC CHARM,3
../data/cnn_dataset/train/22077/0094_aug_fedbc311.jpg,22077,6 RIBBONS RUSTIC CHARM,3
../data/cnn_dataset/train/22077/0018_aug_935bc92f.jpg,22077,6 RIBBONS RUSTIC CHARM,3
../data/cnn_dataset/train/22077/0068_aug_36b86a46.jpg,22077,6 RIBBONS RUSTIC CHARM,3
../data/cnn_dataset/train/22077/0050_aug_86391535.jpg,22077,6 RIBBONS RUSTIC CHARM,3
../data/cnn_dataset/train/22077/0002_f15c45d0.jpg,22077,6 RIBBONS RUSTIC CHARM,3
../data/cnn_dataset/train/22077/0073_aug_c470b135.jpg,22077,6 RIBBONS RUSTIC CHARM,3
../data/cnn_dataset/train/22077/0040_aug_7e61e0ff.jpg,22077,6 RIBBONS RUSTIC CHARM,3
../data/cnn_dataset/train/22077/0047_aug_9673844c.jpg,22077,6 RIBBONS RUSTIC CHARM,3
../data/cnn_dataset/train/22077/0105_aug_e3306330.jpg,22077,6 RIBBONS RUSTIC CHARM,3
../data/cnn_dataset/train/22077/0019_aug_81b45c32.jpg,22077,6 RIBBONS RUSTIC CHARM,3
../data/cnn_dataset/train/22077/0036_aug_e266001f.jpg,22077,6 RIBBONS RUSTIC CHARM,3
../data/cnn_dataset/train/22077/0111_aug_de68a332.jpg,22077,6 RIBBONS RUSTIC CHARM,3
../data/cnn_dataset/train/22077/0033_aug_bc2bead4.jpg,22077,6 RIBBONS RUSTIC CHARM,3
../data/cnn_dataset/train/22077/0044_aug_ce6e39da.jpg,22077,6 RIBBONS RUSTIC CHARM,3
../data/cnn_dataset/train/22077/0120_aug_504f4a75.jpg,22077,6 RIBBONS RUSTIC CHARM,3
../data/cnn_dataset/train/22077/0077_aug_de2411c7.jpg,22077,6 RIBBONS RUSTIC CHARM,3
../data/cnn_dataset/train/22077/0132_aug_641fb3b7.jpg,22077,6 RIBBONS RUSTIC CHARM,3
../data/cnn_dataset/train/22077/0051_aug_1c818504.jpg,22077,6 RIBBONS RUSTIC CHARM,3
../data/cnn_dataset/train/22077/0034_aug_588ab933.jpg,22077,6 RIBBONS RUSTIC CHARM,3
../data/cnn_dataset/train/22077/0074_aug_4f4064fe.jpg,22077,6 RIBBONS RUSTIC CHARM,3
../data/cnn_dataset/train/22077/0117_aug_82e5188b.jpg,22077,6 RIBBONS RUSTIC CHARM,3
../data/cnn_dataset/train/22077/0039_aug_4de1b939.jpg,22077,6 RIBBONS RUSTIC CHARM,3
../data/cnn_dataset/train/22077/0109_aug_bdab988a.jpg,22077,6 RIBBONS RUSTIC CHARM,3
../data/cnn_dataset/train/22077/0016_d0d47e5a.jpg,22077,6 RIBBONS RUSTIC CHARM,3
../data/cnn_dataset/train/22077/0005_668e4cb8.jpg,22077,6 RIBBONS RUSTIC CHARM,3
../data/cnn_dataset/train/22077/0012_e29e580e.jpg,22077,6 RIBBONS RUSTIC CHARM,3
../data/cnn_dataset/train/22077/0128_aug_145ba416.jpg,22077,6 RIBBONS RUSTIC CHARM,3
../data/cnn_dataset/train/22077/0092_aug_5e6c82f7.jpg,22077,6 RIBBONS RUSTIC CHARM,3
../data/cnn_dataset/train/22077/0013_5364d051.jpg,22077,6 RIBBONS RUSTIC CHARM,3
../data/cnn_dataset/train/22077/0116_aug_7de9a549.jpg,22077,6 RIBBONS RUSTIC CHARM,3
../data/cnn_dataset/train/22077/0124_aug_0f96bb83.jpg,22077,6 RIBBONS RUSTIC CHARM,3
../data/cnn_dataset/train/22077/0136_aug_119c3b13.jpg,22077,6 RIBBONS RUSTIC CHARM,3
../data/cnn_dataset/train/22077/0085_aug_b74cc09a.jpg,22077,6 RIBBONS RUSTIC CHARM,3
../data/cnn_dataset/train/22077/0001_25933165.jpg,22077,6 RIBBONS RUSTIC CHARM,3
../data/cnn_dataset/train/22077/0025_aug_ad7b35dc.jpg,22077,6 RIBBONS RUSTIC CHARM,3
../data/cnn_dataset/train/22077/0021_aug_5109f11e.jpg,22077,6 RIBBONS RUSTIC CHARM,3
../data/cnn_dataset/train/22077/0134_aug_ff52328f.jpg,22077,6 RIBBONS RUSTIC CHARM,3
../data/cnn_dataset/train/22077/0084_aug_5a1f2c5a.jpg,22077,6 RIBBONS RUSTIC CHARM,3
../data/cnn_dataset/train/22077/0098_aug_08628d10.jpg,22077,6 RIBBONS RUSTIC CHARM,3
../data/cnn_dataset/train/22077/0130_aug_26f095f1.jpg,22077,6 RIBBONS RUSTIC CHARM,3
../data/cnn_dataset/train/22077/0118_aug_21208bb2.jpg,22077,6 RIBBONS RUSTIC CHARM,3
../data/cnn_dataset/train/22077/0079_aug_f8da0b22.jpg,22077,6 RIBBONS RUSTIC CHARM,3
../data/cnn_dataset/train/22077/0125_aug_36228a98.jpg,22077,6 RIBBONS RUSTIC CHARM,3
../data/cnn_dataset/train/22077/0091_aug_ce861f3e.jpg,22077,6 RIBBONS RUSTIC CHARM,3
../data/cnn_dataset/train/22077/0081_aug_ababa357.jpg,22077,6 RIBBONS RUSTIC CHARM,3
../data/cnn_dataset/train/22077/0097_aug_513b0940.jpg,22077,6 RIBBONS RUSTIC CHARM,3
../data/cnn_dataset/train/22077/0046_aug_17ac2fdd.jpg,22077,6 RIBBONS RUSTIC CHARM,3
../data/cnn_dataset/train/22077/0121_aug_25c0d302.jpg,22077,6 RIBBONS RUSTIC CHARM,3
../data/cnn_dataset/train/22077/0142_aug_9b975b5b.jpg,22077,6 RIBBONS RUSTIC CHARM,3
../data/cnn_dataset/train/22077/0127_aug_d5ac7a12.jpg,22077,6 RIBBONS RUSTIC CHARM,3
../data/cnn_dataset/train/22077/0070_aug_7c964588.jpg,22077,6 RIBBONS RUSTIC CHARM,3
../data/cnn_dataset/train/22077/0065_aug_8a14215d.jpg,22077,6 RIBBONS RUSTIC CHARM,3
../data/cnn_dataset/train/22077/0114_aug_c536930f.jpg,22077,6 RIBBONS RUSTIC CHARM,3
../data/cnn_dataset/train/22077/0008_1df3b237.jpg,22077,6 RIBBONS RUSTIC CHARM,3
../data/cnn_dataset/train/22077/0122_aug_722037d0.jpg,22077,6 RIBBONS RUSTIC CHARM,3
../data/cnn_dataset/train/22077/0052_aug_d307fecb.jpg,22077,6 RIBBONS RUSTIC CHARM,3
../data/cnn_dataset/train/22077/0093_aug_9d6cb415.jpg,22077,6 RIBBONS RUSTIC CHARM,3
../data/cnn_dataset/train/22077/0138_aug_2cdb2ac4.jpg,22077,6 RIBBONS RUSTIC CHARM,3
../data/cnn_dataset/train/22077/0011_e93b54e7.jpg,22077,6 RIBBONS RUSTIC CHARM,3
../data/cnn_dataset/train/22077/0035_aug_bcd1f411.jpg,22077,6 RIBBONS RUSTIC CHARM,3
../data/cnn_dataset/train/22077/0143_aug_8ee496c0.jpg,22077,6 RIBBONS RUSTIC CHARM,3
../data/cnn_dataset/train/22077/0090_aug_a6fcb61f.jpg,22077,6 RIBBONS RUSTIC CHARM,3
../data/cnn_dataset/train/22077/0141_aug_8db879f8.jpg,22077,6 RIBBONS RUSTIC CHARM,3
../data/cnn_dataset/train/22077/0100_aug_05fccbad.jpg,22077,6 RIBBONS RUSTIC CHARM,3
../data/cnn_dataset/train/22077/0045_aug_2cabacfa.jpg,22077,6 RIBBONS RUSTIC CHARM,3
../data/cnn_dataset/train/22077/0112_aug_0bc00842.jpg,22077,6 RIBBONS RUSTIC CHARM,3
../data/cnn_dataset/train/22077/0086_aug_0f4cdbfa.jpg,22077,6 RIBBONS RUSTIC CHARM,3
../data/cnn_dataset/train/22077/0061_aug_1f95b1df.jpg,22077,6 RIBBONS RUSTIC CHARM,3
../data/cnn_dataset/train/22077/0003_a717abe7.jpg,22077,6 RIBBONS RUSTIC CHARM,3
../data/cnn_dataset/train/22077/0095_aug_47d1efb2.jpg,22077,6 RIBBONS RUSTIC CHARM,3
../data/cnn_dataset/train/22077/0137_aug_e0c32037.jpg,22077,6 RIBBONS RUSTIC CHARM,3
../data/cnn_dataset/train/22077/0006_3da01a0f.jpg,22077,6 RIBBONS RUSTIC CHARM,3
../data/cnn_dataset/train/22077/0027_aug_11a56993.jpg,22077,6 RIBBONS RUSTIC CHARM,3
../data/cnn_dataset/train/22077/0049_aug_5c8b19c9.jpg,22077,6 RIBBONS RUSTIC CHARM,3
../data/cnn_dataset/train/22077/0042_aug_2f8db67c.jpg,22077,6 RIBBONS RUSTIC CHARM,3
../data/cnn_dataset/train/22077/0010_7def2641.jpg,22077,6 RIBBONS RUSTIC CHARM,3
../data/cnn_dataset/train/22077/0067_aug_bde52da2.jpg,22077,6 RIBBONS RUSTIC CHARM,3
../data/cnn_dataset/train/22077/0069_aug_da2477a9.jpg,22077,6 RIBBONS RUSTIC CHARM,3
../data/cnn_dataset/train/22077/0057_aug_afbf5eb8.jpg,22077,6 RIBBONS RUSTIC CHARM,3
../data/cnn_dataset/train/22077/0087_aug_a96a2cae.jpg,22077,6 RIBBONS RUSTIC CHARM,3
../data/cnn_dataset/train/22077/0066_aug_a79ab73d.jpg,22077,6 RIBBONS RUSTIC CHARM,3
../data/cnn_dataset/train/22077/0107_aug_e7791185.jpg,22077,6 RIBBONS RUSTIC CHARM,3
../data/cnn_dataset/train/22077/0038_aug_adbb3325.jpg,22077,6 RIBBONS RUSTIC CHARM,3
../data/cnn_dataset/train/22077/0031_aug_98be8c0d.jpg,22077,6 RIBBONS RUSTIC CHARM,3
../data/cnn_dataset/train/22077/0004_f086813b.jpg,22077,6 RIBBONS RUSTIC CHARM,3
../data/cnn_dataset/train/22077/0088_aug_4d7dfde9.jpg,22077,6 RIBBONS RUSTIC CHARM,3
../data/cnn_dataset/train/22077/0102_aug_2816f84a.jpg,22077,6 RIBBONS RUSTIC CHARM,3
../data/cnn_dataset/train/22077/0000_a80229a1.jpg,22077,6 RIBBONS RUSTIC CHARM,3
../data/cnn_dataset/train/22077/0029_aug_b6587248.jpg,22077,6 RIBBONS RUSTIC CHARM,3
../data/cnn_dataset/train/22077/0015_e943c8e5.jpg,22077,6 RIBBONS RUSTIC CHARM,3
../data/cnn_dataset/train/22077/0080_aug_63be1b91.jpg,22077,6 RIBBONS RUSTIC CHARM,3
../data/cnn_dataset/train/22077/0082_aug_f70967cc.jpg,22077,6 RIBBONS RUSTIC CHARM,3
../data/cnn_dataset/train/22077/0096_aug_c1db5989.jpg,22077,6 RIBBONS RUSTIC CHARM,3
../data/cnn_dataset/train/22077/0140_aug_3967b5dc.jpg,22077,6 RIBBONS RUSTIC CHARM,3
../data/cnn_dataset/train/22077/0072_aug_81b13ced.jpg,22077,6 RIBBONS RUSTIC CHARM,3
../data/cnn_dataset/train/22077/0126_aug_a1924b75.jpg,22077,6 RIBBONS RUSTIC CHARM,3
../data/cnn_dataset/train/22112/0110_aug_c7e86338.jpg,22112,CHOCOLATE HOT WATER BOTTLE,4
../data/cnn_dataset/train/22112/0029_aug_b60f8d23.jpg,22112,CHOCOLATE HOT WATER BOTTLE,4
../data/cnn_dataset/train/22112/0007_c1d72c15.jpg,22112,CHOCOLATE HOT WATER BOTTLE,4
../data/cnn_dataset/train/22112/0072_aug_6695e290.jpg,22112,CHOCOLATE HOT WATER BOTTLE,4
../data/cnn_dataset/train/22112/0018_f1353ff4.jpg,22112,CHOCOLATE HOT WATER BOTTLE,4
../data/cnn_dataset/train/22112/0034_aug_36f78ece.jpg,22112,CHOCOLATE HOT WATER BOTTLE,4
../data/cnn_dataset/train/22112/0013_9c72d33b.jpg,22112,CHOCOLATE HOT WATER BOTTLE,4
../data/cnn_dataset/train/22112/0062_aug_ee7c8b4d.jpg,22112,CHOCOLATE HOT WATER BOTTLE,4
../data/cnn_dataset/train/22112/0135_aug_4b2ba1df.jpg,22112,CHOCOLATE HOT WATER BOTTLE,4
../data/cnn_dataset/train/22112/0132_aug_9d2ae69d.jpg,22112,CHOCOLATE HOT WATER BOTTLE,4
../data/cnn_dataset/train/22112/0092_aug_5d17ff17.jpg,22112,CHOCOLATE HOT WATER BOTTLE,4
../data/cnn_dataset/train/22112/0083_aug_5c92fb4e.jpg,22112,CHOCOLATE HOT WATER BOTTLE,4
../data/cnn_dataset/train/22112/0119_aug_991b35c6.jpg,22112,CHOCOLATE HOT WATER BOTTLE,4
../data/cnn_dataset/train/22112/0069_aug_3b13fb1c.jpg,22112,CHOCOLATE HOT WATER BOTTLE,4
../data/cnn_dataset/train/22112/0113_aug_bc50135c.jpg,22112,CHOCOLATE HOT WATER BOTTLE,4
../data/cnn_dataset/train/22112/0067_aug_a93aa3e2.jpg,22112,CHOCOLATE HOT WATER BOTTLE,4
../data/cnn_dataset/train/22112/0004_a7968333.jpg,22112,CHOCOLATE HOT WATER BOTTLE,4
../data/cnn_dataset/train/22112/0137_aug_7559932c.jpg,22112,CHOCOLATE HOT WATER BOTTLE,4
../data/cnn_dataset/train/22112/0139_aug_bb8e0ee9.jpg,22112,CHOCOLATE HOT WATER BOTTLE,4
../data/cnn_dataset/train/22112/0011_ab9e8c64.jpg,22112,CHOCOLATE HOT WATER BOTTLE,4
../data/cnn_dataset/train/22112/0070_aug_beff9b6b.jpg,22112,CHOCOLATE HOT WATER BOTTLE,4
../data/cnn_dataset/train/22112/0064_aug_f653ce6f.jpg,22112,CHOCOLATE HOT WATER BOTTLE,4
../data/cnn_dataset/train/22112/0055_aug_57acfaa0.jpg,22112,CHOCOLATE HOT WATER BOTTLE,4
../data/cnn_dataset/train/22112/0108_aug_730a666e.jpg,22112,CHOCOLATE HOT WATER BOTTLE,4
../data/cnn_dataset/train/22112/0006_30fbd3ee.jpg,22112,CHOCOLATE HOT WATER BOTTLE,4
../data/cnn_dataset/train/22112/0082_aug_c88ece50.jpg,22112,CHOCOLATE HOT WATER BOTTLE,4
../data/cnn_dataset/train/22112/0014_55dd3449.jpg,22112,CHOCOLATE HOT WATER BOTTLE,4
../data/cnn_dataset/train/22112/0104_aug_393206c0.jpg,22112,CHOCOLATE HOT WATER BOTTLE,4
../data/cnn_dataset/train/22112/0116_aug_83f2c325.jpg,22112,CHOCOLATE HOT WATER BOTTLE,4
../data/cnn_dataset/train/22112/0134_aug_a78f429a.jpg,22112,CHOCOLATE HOT WATER BOTTLE,4
../data/cnn_dataset/train/22112/0075_aug_236df1a8.jpg,22112,CHOCOLATE HOT WATER BOTTLE,4
../data/cnn_dataset/train/22112/0090_aug_72b8d52e.jpg,22112,CHOCOLATE HOT WATER BOTTLE,4
../data/cnn_dataset/train/22112/0078_aug_2563f425.jpg,22112,CHOCOLATE HOT WATER BOTTLE,4
../data/cnn_dataset/train/22112/0085_aug_6674d409.jpg,22112,CHOCOLATE HOT WATER BOTTLE,4
../data/cnn_dataset/train/22112/0028_aug_0a64a3f3.jpg,22112,CHOCOLATE HOT WATER BOTTLE,4
../data/cnn_dataset/train/22112/0128_aug_af00add7.jpg,22112,CHOCOLATE HOT WATER BOTTLE,4
../data/cnn_dataset/train/22112/0033_aug_9a00fbac.jpg,22112,CHOCOLATE HOT WATER BOTTLE,4
../data/cnn_dataset/train/22112/0107_aug_deb9a6ae.jpg,22112,CHOCOLATE HOT WATER BOTTLE,4
../data/cnn_dataset/train/22112/0074_aug_801633d9.jpg,22112,CHOCOLATE HOT WATER BOTTLE,4
../data/cnn_dataset/train/22112/0049_aug_5706a42d.jpg,22112,CHOCOLATE HOT WATER BOTTLE,4
../data/cnn_dataset/train/22112/0002_f468a574.jpg,22112,CHOCOLATE HOT WATER BOTTLE,4
../data/cnn_dataset/train/22112/0086_aug_86b016c9.jpg,22112,CHOCOLATE HOT WATER BOTTLE,4
../data/cnn_dataset/train/22112/0043_aug_6d787a9d.jpg,22112,CHOCOLATE HOT WATER BOTTLE,4
../data/cnn_dataset/train/22112/0100_aug_99ab39b2.jpg,22112,CHOCOLATE HOT WATER BOTTLE,4
../data/cnn_dataset/train/22112/0126_aug_686b36ab.jpg,22112,CHOCOLATE HOT WATER BOTTLE,4
../data/cnn_dataset/train/22112/0061_aug_55373d48.jpg,22112,CHOCOLATE HOT WATER BOTTLE,4
../data/cnn_dataset/train/22112/0060_aug_303f2edf.jpg,22112,CHOCOLATE HOT WATER BOTTLE,4
../data/cnn_dataset/train/22112/0036_aug_69fb3555.jpg,22112,CHOCOLATE HOT WATER BOTTLE,4
../data/cnn_dataset/train/22112/0012_1cfa3324.jpg,22112,CHOCOLATE HOT WATER BOTTLE,4
../data/cnn_dataset/train/22112/0093_aug_7e3ed7d7.jpg,22112,CHOCOLATE HOT WATER BOTTLE,4
../data/cnn_dataset/train/22112/0063_aug_90056ff7.jpg,22112,CHOCOLATE HOT WATER BOTTLE,4
../data/cnn_dataset/train/22112/0000_121dcf47.jpg,22112,CHOCOLATE HOT WATER BOTTLE,4
../data/cnn_dataset/train/22112/0058_aug_f1de7fb1.jpg,22112,CHOCOLATE HOT WATER BOTTLE,4
../data/cnn_dataset/train/22112/0009_4d6e6d64.jpg,22112,CHOCOLATE HOT WATER BOTTLE,4
../data/cnn_dataset/train/22112/0080_aug_aca5ad88.jpg,22112,CHOCOLATE HOT WATER BOTTLE,4
../data/cnn_dataset/train/22112/0003_3d1e2634.jpg,22112,CHOCOLATE HOT WATER BOTTLE,4
../data/cnn_dataset/train/22112/0120_aug_e3e16afe.jpg,22112,CHOCOLATE HOT WATER BOTTLE,4
../data/cnn_dataset/train/22112/0111_aug_3db652f1.jpg,22112,CHOCOLATE HOT WATER BOTTLE,4
../data/cnn_dataset/train/22112/0106_aug_bfd50e44.jpg,22112,CHOCOLATE HOT WATER BOTTLE,4
../data/cnn_dataset/train/22112/0115_aug_31f499b9.jpg,22112,CHOCOLATE HOT WATER BOTTLE,4
../data/cnn_dataset/train/22112/0079_aug_c5e966aa.jpg,22112,CHOCOLATE HOT WATER BOTTLE,4
../data/cnn_dataset/train/22112/0015_94224135.jpg,22112,CHOCOLATE HOT WATER BOTTLE,4
../data/cnn_dataset/train/22112/0039_aug_bd323676.jpg,22112,CHOCOLATE HOT WATER BOTTLE,4
../data/cnn_dataset/train/22112/0030_aug_9291b665.jpg,22112,CHOCOLATE HOT WATER BOTTLE,4
../data/cnn_dataset/train/22112/0057_aug_fee53c87.jpg,22112,CHOCOLATE HOT WATER BOTTLE,4
../data/cnn_dataset/train/22112/0047_aug_974384a1.jpg,22112,CHOCOLATE HOT WATER BOTTLE,4
../data/cnn_dataset/train/22112/0123_aug_a9232172.jpg,22112,CHOCOLATE HOT WATER BOTTLE,4
../data/cnn_dataset/train/22112/0084_aug_15d075fb.jpg,22112,CHOCOLATE HOT WATER BOTTLE,4
../data/cnn_dataset/train/22112/0105_aug_8af0d3fa.jpg,22112,CHOCOLATE HOT WATER BOTTLE,4
../data/cnn_dataset/train/22112/0098_aug_c19a80f2.jpg,22112,CHOCOLATE HOT WATER BOTTLE,4
../data/cnn_dataset/train/22112/0052_aug_a9acf634.jpg,22112,CHOCOLATE HOT WATER BOTTLE,4
../data/cnn_dataset/train/22112/0121_aug_de002da1.jpg,22112,CHOCOLATE HOT WATER BOTTLE,4
../data/cnn_dataset/train/22112/0114_aug_50de0f86.jpg,22112,CHOCOLATE HOT WATER BOTTLE,4
../data/cnn_dataset/train/22112/0076_aug_3c833a4c.jpg,22112,CHOCOLATE HOT WATER BOTTLE,4
../data/cnn_dataset/train/22112/0045_aug_7d4378db.jpg,22112,CHOCOLATE HOT WATER BOTTLE,4
../data/cnn_dataset/train/22112/0102_aug_07d43892.jpg,22112,CHOCOLATE HOT WATER BOTTLE,4
../data/cnn_dataset/train/22112/0037_aug_7ad71de0.jpg,22112,CHOCOLATE HOT WATER BOTTLE,4
../data/cnn_dataset/train/22112/0031_aug_c5096c4c.jpg,22112,CHOCOLATE HOT WATER BOTTLE,4
../data/cnn_dataset/train/22112/0077_aug_78c98b5d.jpg,22112,CHOCOLATE HOT WATER BOTTLE,4
../data/cnn_dataset/train/22112/0051_aug_9f6219c4.jpg,22112,CHOCOLATE HOT WATER BOTTLE,4
../data/cnn_dataset/train/22112/0054_aug_522654cc.jpg,22112,CHOCOLATE HOT WATER BOTTLE,4
../data/cnn_dataset/train/22112/0017_54ad0b04.jpg,22112,CHOCOLATE HOT WATER BOTTLE,4
../data/cnn_dataset/train/22112/0081_aug_6099364c.jpg,22112,CHOCOLATE HOT WATER BOTTLE,4
../data/cnn_dataset/train/22112/0042_aug_49296692.jpg,22112,CHOCOLATE HOT WATER BOTTLE,4
../data/cnn_dataset/train/22112/0088_aug_63d0a2aa.jpg,22112,CHOCOLATE HOT WATER BOTTLE,4
../data/cnn_dataset/train/22112/0124_aug_d1216075.jpg,22112,CHOCOLATE HOT WATER BOTTLE,4
../data/cnn_dataset/train/22112/0021_aug_5a4b223f.jpg,22112,CHOCOLATE HOT WATER BOTTLE,4
../data/cnn_dataset/train/22112/0024_aug_05e80ea1.jpg,22112,CHOCOLATE HOT WATER BOTTLE,4
../data/cnn_dataset/train/22112/0129_aug_bd2e102d.jpg,22112,CHOCOLATE HOT WATER BOTTLE,4
../data/cnn_dataset/train/22112/0065_aug_55256be8.jpg,22112,CHOCOLATE HOT WATER BOTTLE,4
../data/cnn_dataset/train/22112/0022_aug_e3968520.jpg,22112,CHOCOLATE HOT WATER BOTTLE,4
../data/cnn_dataset/train/22112/0023_aug_fb27d565.jpg,22112,CHOCOLATE HOT WATER BOTTLE,4
../data/cnn_dataset/train/22112/0016_1532664b.jpg,22112,CHOCOLATE HOT WATER BOTTLE,4
../data/cnn_dataset/train/22112/0112_aug_ba3cd4d1.jpg,22112,CHOCOLATE HOT WATER BOTTLE,4
../data/cnn_dataset/train/22112/0010_d60549ed.jpg,22112,CHOCOLATE HOT WATER BOTTLE,4
../data/cnn_dataset/train/22112/0027_aug_661d4ad3.jpg,22112,CHOCOLATE HOT WATER BOTTLE,4
../data/cnn_dataset/train/22112/0071_aug_64823921.jpg,22112,CHOCOLATE HOT WATER BOTTLE,4
../data/cnn_dataset/train/22112/0046_aug_41154bf3.jpg,22112,CHOCOLATE HOT WATER BOTTLE,4
../data/cnn_dataset/train/22139/0064_aug_6e430957.jpg,22139,RETROSPOT TEA SET CERAMIC 11 PC,5
../data/cnn_dataset/train/22139/0114_aug_135ff85c.jpg,22139,RETROSPOT TEA SET CERAMIC 11 PC,5
../data/cnn_dataset/train/22139/0131_aug_306a447e.jpg,22139,RETROSPOT TEA SET CERAMIC 11 PC,5
../data/cnn_dataset/train/22139/0038_aug_99fa1a99.jpg,22139,RETROSPOT TEA SET CERAMIC 11 PC,5
../data/cnn_dataset/train/22139/0117_aug_d187d088.jpg,22139,RETROSPOT TEA SET CERAMIC 11 PC,5
../data/cnn_dataset/train/22139/0058_aug_6ea96864.jpg,22139,RETROSPOT TEA SET CERAMIC 11 PC,5
../data/cnn_dataset/train/22139/0049_aug_36d514bc.jpg,22139,RETROSPOT TEA SET CERAMIC 11 PC,5
../data/cnn_dataset/train/22139/0089_aug_dbb4b7d7.jpg,22139,RETROSPOT TEA SET CERAMIC 11 PC,5
../data/cnn_dataset/train/22139/0063_aug_e03e98a4.jpg,22139,RETROSPOT TEA SET CERAMIC 11 PC,5
../data/cnn_dataset/train/22139/0120_aug_224450fd.jpg,22139,RETROSPOT TEA SET CERAMIC 11 PC,5
../data/cnn_dataset/train/22139/0068_aug_10e94b16.jpg,22139,RETROSPOT TEA SET CERAMIC 11 PC,5
../data/cnn_dataset/train/22139/0128_aug_29486a68.jpg,22139,RETROSPOT TEA SET CERAMIC 11 PC,5
../data/cnn_dataset/train/22139/0084_aug_dd61fb81.jpg,22139,RETROSPOT TEA SET CERAMIC 11 PC,5
../data/cnn_dataset/train/22139/0113_aug_9c4a8974.jpg,22139,RETROSPOT TEA SET CERAMIC 11 PC,5
../data/cnn_dataset/train/22139/0000_fcd20d78.jpg,22139,RETROSPOT TEA SET CERAMIC 11 PC,5
../data/cnn_dataset/train/22139/0033_aug_2557f0eb.jpg,22139,RETROSPOT TEA SET CERAMIC 11 PC,5
../data/cnn_dataset/train/22139/0007_d00e1d53.jpg,22139,RETROSPOT TEA SET CERAMIC 11 PC,5
../data/cnn_dataset/train/22139/0103_aug_98b4b04d.jpg,22139,RETROSPOT TEA SET CERAMIC 11 PC,5
../data/cnn_dataset/train/22139/0042_aug_0fc49eb1.jpg,22139,RETROSPOT TEA SET CERAMIC 11 PC,5
../data/cnn_dataset/train/22139/0020_aug_fc193805.jpg,22139,RETROSPOT TEA SET CERAMIC 11 PC,5
../data/cnn_dataset/train/22139/0096_aug_6754c607.jpg,22139,RETROSPOT TEA SET CERAMIC 11 PC,5
../data/cnn_dataset/train/22139/0015_8bb730f2.jpg,22139,RETROSPOT TEA SET CERAMIC 11 PC,5
../data/cnn_dataset/train/22139/0012_bd053ad7.jpg,22139,RETROSPOT TEA SET CERAMIC 11 PC,5
../data/cnn_dataset/train/22139/0046_aug_a9bd250f.jpg,22139,RETROSPOT TEA SET CERAMIC 11 PC,5
../data/cnn_dataset/train/22139/0010_f976b2aa.jpg,22139,RETROSPOT TEA SET CERAMIC 11 PC,5
../data/cnn_dataset/train/22139/0093_aug_e4c9165a.jpg,22139,RETROSPOT TEA SET CERAMIC 11 PC,5
../data/cnn_dataset/train/22139/0013_b2a98fe5.jpg,22139,RETROSPOT TEA SET CERAMIC 11 PC,5
../data/cnn_dataset/train/22139/0027_aug_31a2e082.jpg,22139,RETROSPOT TEA SET CERAMIC 11 PC,5
../data/cnn_dataset/train/22139/0067_aug_ee27eeb2.jpg,22139,RETROSPOT TEA SET CERAMIC 11 PC,5
../data/cnn_dataset/train/22139/0102_aug_eb8c6441.jpg,22139,RETROSPOT TEA SET CERAMIC 11 PC,5
../data/cnn_dataset/train/22139/0031_aug_7770f6bd.jpg,22139,RETROSPOT TEA SET CERAMIC 11 PC,5
../data/cnn_dataset/train/22139/0041_aug_d7b807dd.jpg,22139,RETROSPOT TEA SET CERAMIC 11 PC,5
../data/cnn_dataset/train/22139/0134_aug_7cf7f32c.jpg,22139,RETROSPOT TEA SET CERAMIC 11 PC,5
../data/cnn_dataset/train/22139/0094_aug_4bdcd630.jpg,22139,RETROSPOT TEA SET CERAMIC 11 PC,5
../data/cnn_dataset/train/22139/0106_aug_080582e2.jpg,22139,RETROSPOT TEA SET CERAMIC 11 PC,5
../data/cnn_dataset/train/22139/0119_aug_dbcc7f0c.jpg,22139,RETROSPOT TEA SET CERAMIC 11 PC,5
../data/cnn_dataset/train/22139/0060_aug_ffbbd2fa.jpg,22139,RETROSPOT TEA SET CERAMIC 11 PC,5
../data/cnn_dataset/train/22139/0036_aug_66ec124d.jpg,22139,RETROSPOT TEA SET CERAMIC 11 PC,5
../data/cnn_dataset/train/22139/0076_aug_3269ce8f.jpg,22139,RETROSPOT TEA SET CERAMIC 11 PC,5
../data/cnn_dataset/train/22139/0069_aug_d3f76ad0.jpg,22139,RETROSPOT TEA SET CERAMIC 11 PC,5
../data/cnn_dataset/train/22139/0138_aug_a8f16394.jpg,22139,RETROSPOT TEA SET CERAMIC 11 PC,5
../data/cnn_dataset/train/22139/0016_775c8bf1.jpg,22139,RETROSPOT TEA SET CERAMIC 11 PC,5
../data/cnn_dataset/train/22139/0025_aug_166263c7.jpg,22139,RETROSPOT TEA SET CERAMIC 11 PC,5
../data/cnn_dataset/train/22139/0137_aug_7e51ed32.jpg,22139,RETROSPOT TEA SET CERAMIC 11 PC,5
../data/cnn_dataset/train/22139/0107_aug_b5705b9b.jpg,22139,RETROSPOT TEA SET CERAMIC 11 PC,5
../data/cnn_dataset/train/22139/0003_7f9b760f.jpg,22139,RETROSPOT TEA SET CERAMIC 11 PC,5
../data/cnn_dataset/train/22139/0072_aug_e064307e.jpg,22139,RETROSPOT TEA SET CERAMIC 11 PC,5
../data/cnn_dataset/train/22139/0123_aug_152e2fd1.jpg,22139,RETROSPOT TEA SET CERAMIC 11 PC,5
../data/cnn_dataset/train/22139/0080_aug_79f0eb06.jpg,22139,RETROSPOT TEA SET CERAMIC 11 PC,5
../data/cnn_dataset/train/22139/0037_aug_fc1d2861.jpg,22139,RETROSPOT TEA SET CERAMIC 11 PC,5
../data/cnn_dataset/train/22139/0074_aug_b539d8f3.jpg,22139,RETROSPOT TEA SET CERAMIC 11 PC,5
../data/cnn_dataset/train/22139/0008_e0c36648.jpg,22139,RETROSPOT TEA SET CERAMIC 11 PC,5
../data/cnn_dataset/train/22139/0053_aug_2453ae49.jpg,22139,RETROSPOT TEA SET CERAMIC 11 PC,5
../data/cnn_dataset/train/22139/0121_aug_599bb759.jpg,22139,RETROSPOT TEA SET CERAMIC 11 PC,5
../data/cnn_dataset/train/22139/0099_aug_a022c819.jpg,22139,RETROSPOT TEA SET CERAMIC 11 PC,5
../data/cnn_dataset/train/22139/0050_aug_11c13864.jpg,22139,RETROSPOT TEA SET CERAMIC 11 PC,5
../data/cnn_dataset/train/22139/0129_aug_c26e5169.jpg,22139,RETROSPOT TEA SET CERAMIC 11 PC,5
../data/cnn_dataset/train/22139/0078_aug_25e4f8e2.jpg,22139,RETROSPOT TEA SET CERAMIC 11 PC,5
../data/cnn_dataset/train/22139/0019_22f33cb8.jpg,22139,RETROSPOT TEA SET CERAMIC 11 PC,5
../data/cnn_dataset/train/22139/0077_aug_b51d06a6.jpg,22139,RETROSPOT TEA SET CERAMIC 11 PC,5
../data/cnn_dataset/train/22139/0022_aug_51b63af4.jpg,22139,RETROSPOT TEA SET CERAMIC 11 PC,5
../data/cnn_dataset/train/22139/0127_aug_1033dcd4.jpg,22139,RETROSPOT TEA SET CERAMIC 11 PC,5
../data/cnn_dataset/train/22139/0125_aug_a9de2d23.jpg,22139,RETROSPOT TEA SET CERAMIC 11 PC,5
../data/cnn_dataset/train/22139/0048_aug_1e6d89d8.jpg,22139,RETROSPOT TEA SET CERAMIC 11 PC,5
../data/cnn_dataset/train/22139/0118_aug_c4ac820a.jpg,22139,RETROSPOT TEA SET CERAMIC 11 PC,5
../data/cnn_dataset/train/22139/0091_aug_3561791a.jpg,22139,RETROSPOT TEA SET CERAMIC 11 PC,5
../data/cnn_dataset/train/22139/0100_aug_8247be86.jpg,22139,RETROSPOT TEA SET CERAMIC 11 PC,5
../data/cnn_dataset/train/22139/0052_aug_535c4c7a.jpg,22139,RETROSPOT TEA SET CERAMIC 11 PC,5
../data/cnn_dataset/train/22139/0035_aug_a70ffba4.jpg,22139,RETROSPOT TEA SET CERAMIC 11 PC,5
../data/cnn_dataset/train/22139/0108_aug_2f1c49d8.jpg,22139,RETROSPOT TEA SET CERAMIC 11 PC,5
../data/cnn_dataset/train/22139/0057_aug_06f1dc82.jpg,22139,RETROSPOT TEA SET CERAMIC 11 PC,5
../data/cnn_dataset/train/22139/0004_565dbadb.jpg,22139,RETROSPOT TEA SET CERAMIC 11 PC,5
../data/cnn_dataset/train/22139/0083_aug_73b87d5e.jpg,22139,RETROSPOT TEA SET CERAMIC 11 PC,5
../data/cnn_dataset/train/22139/0055_aug_69516628.jpg,22139,RETROSPOT TEA SET CERAMIC 11 PC,5
../data/cnn_dataset/train/22139/0112_aug_824d3578.jpg,22139,RETROSPOT TEA SET CERAMIC 11 PC,5
../data/cnn_dataset/train/22139/0061_aug_6ffb8570.jpg,22139,RETROSPOT TEA SET CERAMIC 11 PC,5
../data/cnn_dataset/train/22139/0110_aug_8d5bc44b.jpg,22139,RETROSPOT TEA SET CERAMIC 11 PC,5
../data/cnn_dataset/train/22139/0045_aug_d893798b.jpg,22139,RETROSPOT TEA SET CERAMIC 11 PC,5
../data/cnn_dataset/train/22139/0090_aug_f2c5052a.jpg,22139,RETROSPOT TEA SET CERAMIC 11 PC,5
../data/cnn_dataset/train/22139/0139_aug_06135d16.jpg,22139,RETROSPOT TEA SET CERAMIC 11 PC,5
../data/cnn_dataset/train/22139/0081_aug_0265494e.jpg,22139,RETROSPOT TEA SET CERAMIC 11 PC,5
../data/cnn_dataset/train/22139/0092_aug_3d9b6e9d.jpg,22139,RETROSPOT TEA SET CERAMIC 11 PC,5
../data/cnn_dataset/train/22139/0040_aug_32947615.jpg,22139,RETROSPOT TEA SET CERAMIC 11 PC,5
../data/cnn_dataset/train/22139/0135_aug_5c60bc06.jpg,22139,RETROSPOT TEA SET CERAMIC 11 PC,5
../data/cnn_dataset/train/22139/0062_aug_21521d5c.jpg,22139,RETROSPOT TEA SET CERAMIC 11 PC,5
../data/cnn_dataset/train/22139/0051_aug_e63552ae.jpg,22139,RETROSPOT TEA SET CERAMIC 11 PC,5
../data/cnn_dataset/train/22139/0011_79edfdff.jpg,22139,RETROSPOT TEA SET CERAMIC 11 PC,5
../data/cnn_dataset/train/22139/0005_8c2baa47.jpg,22139,RETROSPOT TEA SET CERAMIC 11 PC,5
../data/cnn_dataset/train/22139/0001_b49de3d3.jpg,22139,RETROSPOT TEA SET CERAMIC 11 PC,5
../data/cnn_dataset/train/22139/0009_ecee4935.jpg,22139,RETROSPOT TEA SET CERAMIC 11 PC,5
../data/cnn_dataset/train/22139/0130_aug_56626423.jpg,22139,RETROSPOT TEA SET CERAMIC 11 PC,5
../data/cnn_dataset/train/22139/0101_aug_d8617694.jpg,22139,RETROSPOT TEA SET CERAMIC 11 PC,5
../data/cnn_dataset/train/22139/0028_aug_dab66330.jpg,22139,RETROSPOT TEA SET CERAMIC 11 PC,5
../data/cnn_dataset/train/22139/0047_aug_8f5fa8e7.jpg,22139,RETROSPOT TEA SET CERAMIC 11 PC,5
../data/cnn_dataset/train/22139/0018_c759ac83.jpg,22139,RETROSPOT TEA SET CERAMIC 11 PC,5
../data/cnn_dataset/train/22139/0024_aug_450a18b4.jpg,22139,RETROSPOT TEA SET CERAMIC 11 PC,5
../data/cnn_dataset/train/22139/0109_aug_e9b4c918.jpg,22139,RETROSPOT TEA SET CERAMIC 11 PC,5
../data/cnn_dataset/train/22139/0085_aug_ee884489.jpg,22139,RETROSPOT TEA SET CERAMIC 11 PC,5
../data/cnn_dataset/train/22384/0096_aug_d50513f1.jpg,22384,LUNCH BAG PINK POLKADOT,6
../data/cnn_dataset/train/22384/0066_aug_4a59ddb6.jpg,22384,LUNCH BAG PINK POLKADOT,6
../data/cnn_dataset/train/22384/0061_aug_42724c2d.jpg,22384,LUNCH BAG PINK POLKADOT,6
../data/cnn_dataset/train/22384/0031_aug_8e2588bb.jpg,22384,LUNCH BAG PINK POLKADOT,6
../data/cnn_dataset/train/22384/0019_aug_f1e96a5e.jpg,22384,LUNCH BAG PINK POLKADOT,6
../data/cnn_dataset/train/22384/0011_7f628aed.jpg,22384,LUNCH BAG PINK POLKADOT,6
../data/cnn_dataset/train/22384/0027_aug_08db6274.jpg,22384,LUNCH BAG PINK POLKADOT,6
../data/cnn_dataset/train/22384/0078_aug_e764bf9a.jpg,22384,LUNCH BAG PINK POLKADOT,6
../data/cnn_dataset/train/22384/0103_aug_1bc6d516.jpg,22384,LUNCH BAG PINK POLKADOT,6
../data/cnn_dataset/train/22384/0118_aug_c29943ec.jpg,22384,LUNCH BAG PINK POLKADOT,6
../data/cnn_dataset/train/22384/0109_aug_161c1463.jpg,22384,LUNCH BAG PINK POLKADOT,6
../data/cnn_dataset/train/22384/0013_1a4bba77.jpg,22384,LUNCH BAG PINK POLKADOT,6
../data/cnn_dataset/train/22384/0117_aug_5626c107.jpg,22384,LUNCH BAG PINK POLKADOT,6
../data/cnn_dataset/train/22384/0095_aug_0761e634.jpg,22384,LUNCH BAG PINK POLKADOT,6
../data/cnn_dataset/train/22384/0056_aug_8178c501.jpg,22384,LUNCH BAG PINK POLKADOT,6
../data/cnn_dataset/train/22384/0035_aug_236e1e76.jpg,22384,LUNCH BAG PINK POLKADOT,6
../data/cnn_dataset/train/22384/0090_aug_eb5be9bd.jpg,22384,LUNCH BAG PINK POLKADOT,6
../data/cnn_dataset/train/22384/0115_aug_2859a4ce.jpg,22384,LUNCH BAG PINK POLKADOT,6
../data/cnn_dataset/train/22384/0052_aug_49c91503.jpg,22384,LUNCH BAG PINK POLKADOT,6
../data/cnn_dataset/train/22384/0128_aug_58df9645.jpg,22384,LUNCH BAG PINK POLKADOT,6
../data/cnn_dataset/train/22384/0007_6c5d4c68.jpg,22384,LUNCH BAG PINK POLKADOT,6
../data/cnn_dataset/train/22384/0060_aug_e7e6033f.jpg,22384,LUNCH BAG PINK POLKADOT,6
../data/cnn_dataset/train/22384/0051_aug_fb781b51.jpg,22384,LUNCH BAG PINK POLKADOT,6
../data/cnn_dataset/train/22384/0050_aug_82e100b5.jpg,22384,LUNCH BAG PINK POLKADOT,6
../data/cnn_dataset/train/22384/0022_aug_a2c8f24a.jpg,22384,LUNCH BAG PINK POLKADOT,6
../data/cnn_dataset/train/22384/0127_aug_a76b90bc.jpg,22384,LUNCH BAG PINK POLKADOT,6
../data/cnn_dataset/train/22384/0093_aug_788eabf9.jpg,22384,LUNCH BAG PINK POLKADOT,6
../data/cnn_dataset/train/22384/0077_aug_1e20874b.jpg,22384,LUNCH BAG PINK POLKADOT,6
../data/cnn_dataset/train/22384/0014_3f82cc9e.jpg,22384,LUNCH BAG PINK POLKADOT,6
../data/cnn_dataset/train/22384/0108_aug_e178c148.jpg,22384,LUNCH BAG PINK POLKADOT,6
../data/cnn_dataset/train/22384/0101_aug_4b408e5e.jpg,22384,LUNCH BAG PINK POLKADOT,6
../data/cnn_dataset/train/22384/0046_aug_8d78fe1a.jpg,22384,LUNCH BAG PINK POLKADOT,6
../data/cnn_dataset/train/22384/0085_aug_15c6d1d3.jpg,22384,LUNCH BAG PINK POLKADOT,6
../data/cnn_dataset/train/22384/0111_aug_d4600c86.jpg,22384,LUNCH BAG PINK POLKADOT,6
../data/cnn_dataset/train/22384/0055_aug_2040978b.jpg,22384,LUNCH BAG PINK POLKADOT,6
../data/cnn_dataset/train/22384/0126_aug_d0dd008c.jpg,22384,LUNCH BAG PINK POLKADOT,6
../data/cnn_dataset/train/22384/0132_aug_12b0bf06.jpg,22384,LUNCH BAG PINK POLKADOT,6
../data/cnn_dataset/train/22384/0026_aug_4aaf9698.jpg,22384,LUNCH BAG PINK POLKADOT,6
../data/cnn_dataset/train/22384/0104_aug_5de08ba2.jpg,22384,LUNCH BAG PINK POLKADOT,6
../data/cnn_dataset/train/22384/0114_aug_a32d085a.jpg,22384,LUNCH BAG PINK POLKADOT,6
../data/cnn_dataset/train/22384/0063_aug_625ef6ec.jpg,22384,LUNCH BAG PINK POLKADOT,6
../data/cnn_dataset/train/22384/0030_aug_f5ded825.jpg,22384,LUNCH BAG PINK POLKADOT,6
../data/cnn_dataset/train/22384/0135_aug_752fe5ef.jpg,22384,LUNCH BAG PINK POLKADOT,6
../data/cnn_dataset/train/22384/0005_5e705510.jpg,22384,LUNCH BAG PINK POLKADOT,6
../data/cnn_dataset/train/22384/0089_aug_85e28310.jpg,22384,LUNCH BAG PINK POLKADOT,6
../data/cnn_dataset/train/22384/0003_45140f56.jpg,22384,LUNCH BAG PINK POLKADOT,6
../data/cnn_dataset/train/22384/0075_aug_efc6b84c.jpg,22384,LUNCH BAG PINK POLKADOT,6
../data/cnn_dataset/train/22384/0028_aug_487c650e.jpg,22384,LUNCH BAG PINK POLKADOT,6
../data/cnn_dataset/train/22384/0129_aug_9fd22a57.jpg,22384,LUNCH BAG PINK POLKADOT,6
../data/cnn_dataset/train/22384/0002_74490b34.jpg,22384,LUNCH BAG PINK POLKADOT,6
../data/cnn_dataset/train/22384/0010_c8299877.jpg,22384,LUNCH BAG PINK POLKADOT,6
../data/cnn_dataset/train/22384/0069_aug_7b4f9554.jpg,22384,LUNCH BAG PINK POLKADOT,6
../data/cnn_dataset/train/22384/0119_aug_9145c8e8.jpg,22384,LUNCH BAG PINK POLKADOT,6
../data/cnn_dataset/train/22384/0068_aug_55abbb07.jpg,22384,LUNCH BAG PINK POLKADOT,6
../data/cnn_dataset/train/22384/0113_aug_32b92c39.jpg,22384,LUNCH BAG PINK POLKADOT,6
../data/cnn_dataset/train/22384/0076_aug_b1246799.jpg,22384,LUNCH BAG PINK POLKADOT,6
../data/cnn_dataset/train/22384/0008_ec0605d3.jpg,22384,LUNCH BAG PINK POLKADOT,6
../data/cnn_dataset/train/22384/0044_aug_52095c0d.jpg,22384,LUNCH BAG PINK POLKADOT,6
../data/cnn_dataset/train/22384/0131_aug_18b2e56b.jpg,22384,LUNCH BAG PINK POLKADOT,6
../data/cnn_dataset/train/22384/0106_aug_9ff17e97.jpg,22384,LUNCH BAG PINK POLKADOT,6
../data/cnn_dataset/train/22384/0024_aug_88f779f8.jpg,22384,LUNCH BAG PINK POLKADOT,6
../data/cnn_dataset/train/22384/0079_aug_6429e842.jpg,22384,LUNCH BAG PINK POLKADOT,6
../data/cnn_dataset/train/22384/0033_aug_a75112df.jpg,22384,LUNCH BAG PINK POLKADOT,6
../data/cnn_dataset/train/22384/0116_aug_a2f05ea2.jpg,22384,LUNCH BAG PINK POLKADOT,6
../data/cnn_dataset/train/22384/0084_aug_0263fe30.jpg,22384,LUNCH BAG PINK POLKADOT,6
../data/cnn_dataset/train/22384/0057_aug_25c53f93.jpg,22384,LUNCH BAG PINK POLKADOT,6
../data/cnn_dataset/train/22384/0083_aug_9081d23f.jpg,22384,LUNCH BAG PINK POLKADOT,6
../data/cnn_dataset/train/22384/0124_aug_a3d68d33.jpg,22384,LUNCH BAG PINK POLKADOT,6
../data/cnn_dataset/train/22384/0121_aug_ed23ddbe.jpg,22384,LUNCH BAG PINK POLKADOT,6
../data/cnn_dataset/train/22384/0098_aug_fdcdfc73.jpg,22384,LUNCH BAG PINK POLKADOT,6
../data/cnn_dataset/train/22384/0054_aug_a3c55250.jpg,22384,LUNCH BAG PINK POLKADOT,6
../data/cnn_dataset/train/22384/0088_aug_ac531433.jpg,22384,LUNCH BAG PINK POLKADOT,6
../data/cnn_dataset/train/22384/0140_aug_f3c87cb7.jpg,22384,LUNCH BAG PINK POLKADOT,6
../data/cnn_dataset/train/22384/0087_aug_381717ea.jpg,22384,LUNCH BAG PINK POLKADOT,6
../data/cnn_dataset/train/22384/0015_4118cc50.jpg,22384,LUNCH BAG PINK POLKADOT,6
../data/cnn_dataset/train/22384/0029_aug_3e45f9ba.jpg,22384,LUNCH BAG PINK POLKADOT,6
../data/cnn_dataset/train/22384/0041_aug_7e06e4dd.jpg,22384,LUNCH BAG PINK POLKADOT,6
../data/cnn_dataset/train/22384/0073_aug_b96e22b7.jpg,22384,LUNCH BAG PINK POLKADOT,6
../data/cnn_dataset/train/22384/0062_aug_636e5c2c.jpg,22384,LUNCH BAG PINK POLKADOT,6
../data/cnn_dataset/train/22384/0097_aug_b0c9202c.jpg,22384,LUNCH BAG PINK POLKADOT,6
../data/cnn_dataset/train/22384/0043_aug_7982e408.jpg,22384,LUNCH BAG PINK POLKADOT,6
../data/cnn_dataset/train/22384/0122_aug_005aaff0.jpg,22384,LUNCH BAG PINK POLKADOT,6
../data/cnn_dataset/train/22384/0023_aug_b8a1502b.jpg,22384,LUNCH BAG PINK POLKADOT,6
../data/cnn_dataset/train/22384/0134_aug_f84bdeae.jpg,22384,LUNCH BAG PINK POLKADOT,6
../data/cnn_dataset/train/22384/0020_aug_9cbf5f1b.jpg,22384,LUNCH BAG PINK POLKADOT,6
../data/cnn_dataset/train/22384/0009_97e495ea.jpg,22384,LUNCH BAG PINK POLKADOT,6
../data/cnn_dataset/train/22384/0094_aug_e6f79152.jpg,22384,LUNCH BAG PINK POLKADOT,6
../data/cnn_dataset/train/22384/0086_aug_180af173.jpg,22384,LUNCH BAG PINK POLKADOT,6
../data/cnn_dataset/train/22384/0112_aug_5ed252f4.jpg,22384,LUNCH BAG PINK POLKADOT,6
../data/cnn_dataset/train/22384/0037_aug_bc7caf8e.jpg,22384,LUNCH BAG PINK POLKADOT,6
../data/cnn_dataset/train/22384/0058_aug_5bdeb29d.jpg,22384,LUNCH BAG PINK POLKADOT,6
../data/cnn_dataset/train/22384/0136_aug_c711650a.jpg,22384,LUNCH BAG PINK POLKADOT,6
../data/cnn_dataset/train/22384/0018_aug_85a1a8b7.jpg,22384,LUNCH BAG PINK POLKADOT,6
../data/cnn_dataset/train/22384/0092_aug_928bac2a.jpg,22384,LUNCH BAG PINK POLKADOT,6
../data/cnn_dataset/train/22384/0110_aug_29a1e184.jpg,22384,LUNCH BAG PINK POLKADOT,6
../data/cnn_dataset/train/22384/0081_aug_c8f09ff0.jpg,22384,LUNCH BAG PINK POLKADOT,6
../data/cnn_dataset/train/22384/0105_aug_abe63cd4.jpg,22384,LUNCH BAG PINK POLKADOT,6
../data/cnn_dataset/train/22384/0040_aug_3d547ed7.jpg,22384,LUNCH BAG PINK POLKADOT,6
../data/cnn_dataset/train/22384/0047_aug_f94ab191.jpg,22384,LUNCH BAG PINK POLKADOT,6
../data/cnn_dataset/train/22384/0130_aug_8fd8b90b.jpg,22384,LUNCH BAG PINK POLKADOT,6
../data/cnn_dataset/train/22423/0039_aug_fc8e43e3.jpg,22423,REGENCY CAKESTAND 3 TIER,7
../data/cnn_dataset/train/22423/0042_aug_b884813a.jpg,22423,REGENCY CAKESTAND 3 TIER,7
../data/cnn_dataset/train/22423/0000_f9db0201.jpg,22423,REGENCY CAKESTAND 3 TIER,7
../data/cnn_dataset/train/22423/0029_aug_402a8716.jpg,22423,REGENCY CAKESTAND 3 TIER,7
../data/cnn_dataset/train/22423/0054_aug_3ee374cc.jpg,22423,REGENCY CAKESTAND 3 TIER,7
../data/cnn_dataset/train/22423/0120_aug_9829374b.jpg,22423,REGENCY CAKESTAND 3 TIER,7
../data/cnn_dataset/train/22423/0020_aug_cb119c18.jpg,22423,REGENCY CAKESTAND 3 TIER,7
../data/cnn_dataset/train/22423/0095_aug_fb51a90d.jpg,22423,REGENCY CAKESTAND 3 TIER,7
../data/cnn_dataset/train/22423/0053_aug_ed0b9290.jpg,22423,REGENCY CAKESTAND 3 TIER,7
../data/cnn_dataset/train/22423/0048_aug_2e2ff5a6.jpg,22423,REGENCY CAKESTAND 3 TIER,7
../data/cnn_dataset/train/22423/0096_aug_3005a3fe.jpg,22423,REGENCY CAKESTAND 3 TIER,7
../data/cnn_dataset/train/22423/0093_aug_d45ceb2a.jpg,22423,REGENCY CAKESTAND 3 TIER,7
../data/cnn_dataset/train/22423/0044_aug_1fe598d4.jpg,22423,REGENCY CAKESTAND 3 TIER,7
../data/cnn_dataset/train/22423/0034_aug_60b50375.jpg,22423,REGENCY CAKESTAND 3 TIER,7
../data/cnn_dataset/train/22423/0126_aug_75b410a6.jpg,22423,REGENCY CAKESTAND 3 TIER,7
../data/cnn_dataset/train/22423/0082_aug_187c84e8.jpg,22423,REGENCY CAKESTAND 3 TIER,7
../data/cnn_dataset/train/22423/0038_aug_438c20de.jpg,22423,REGENCY CAKESTAND 3 TIER,7
../data/cnn_dataset/train/22423/0014_8561b8e8.jpg,22423,REGENCY CAKESTAND 3 TIER,7
../data/cnn_dataset/train/22423/0065_aug_900aa686.jpg,22423,REGENCY CAKESTAND 3 TIER,7
../data/cnn_dataset/train/22423/0040_aug_a84598ee.jpg,22423,REGENCY CAKESTAND 3 TIER,7
../data/cnn_dataset/train/22423/0132_aug_7e285f95.jpg,22423,REGENCY CAKESTAND 3 TIER,7
../data/cnn_dataset/train/22423/0045_aug_34a24629.jpg,22423,REGENCY CAKESTAND 3 TIER,7
../data/cnn_dataset/train/22423/0072_aug_65dc075c.jpg,22423,REGENCY CAKESTAND 3 TIER,7
../data/cnn_dataset/train/22423/0128_aug_e8caca58.jpg,22423,REGENCY CAKESTAND 3 TIER,7
../data/cnn_dataset/train/22423/0073_aug_e91b82b2.jpg,22423,REGENCY CAKESTAND 3 TIER,7
../data/cnn_dataset/train/22423/0067_aug_53851f4f.jpg,22423,REGENCY CAKESTAND 3 TIER,7
../data/cnn_dataset/train/22423/0098_aug_278cd56a.jpg,22423,REGENCY CAKESTAND 3 TIER,7
../data/cnn_dataset/train/22423/0116_aug_84d17290.jpg,22423,REGENCY CAKESTAND 3 TIER,7
../data/cnn_dataset/train/22423/0056_aug_ed06251f.jpg,22423,REGENCY CAKESTAND 3 TIER,7
../data/cnn_dataset/train/22423/0001_0ac24421.jpg,22423,REGENCY CAKESTAND 3 TIER,7
../data/cnn_dataset/train/22423/0046_aug_c83afe27.jpg,22423,REGENCY CAKESTAND 3 TIER,7
../data/cnn_dataset/train/22423/0088_aug_34792a4d.jpg,22423,REGENCY CAKESTAND 3 TIER,7
../data/cnn_dataset/train/22423/0032_aug_ef76f7df.jpg,22423,REGENCY CAKESTAND 3 TIER,7
../data/cnn_dataset/train/22423/0041_aug_49ec0c3a.jpg,22423,REGENCY CAKESTAND 3 TIER,7
../data/cnn_dataset/train/22423/0063_aug_d8efa239.jpg,22423,REGENCY CAKESTAND 3 TIER,7
../data/cnn_dataset/train/22423/0015_fef9e472.jpg,22423,REGENCY CAKESTAND 3 TIER,7
../data/cnn_dataset/train/22423/0037_aug_7534526b.jpg,22423,REGENCY CAKESTAND 3 TIER,7
../data/cnn_dataset/train/22423/0105_aug_fa5031d6.jpg,22423,REGENCY CAKESTAND 3 TIER,7
../data/cnn_dataset/train/22423/0030_aug_1bdc4d75.jpg,22423,REGENCY CAKESTAND 3 TIER,7
../data/cnn_dataset/train/22423/0043_aug_5789d24a.jpg,22423,REGENCY CAKESTAND 3 TIER,7
../data/cnn_dataset/train/22423/0008_b9bc28cc.jpg,22423,REGENCY CAKESTAND 3 TIER,7
../data/cnn_dataset/train/22423/0047_aug_28723906.jpg,22423,REGENCY CAKESTAND 3 TIER,7
../data/cnn_dataset/train/22423/0091_aug_63f41a56.jpg,22423,REGENCY CAKESTAND 3 TIER,7
../data/cnn_dataset/train/22423/0031_aug_9953046f.jpg,22423,REGENCY CAKESTAND 3 TIER,7
../data/cnn_dataset/train/22423/0013_45e6acb1.jpg,22423,REGENCY CAKESTAND 3 TIER,7
../data/cnn_dataset/train/22423/0016_d050da8e.jpg,22423,REGENCY CAKESTAND 3 TIER,7
../data/cnn_dataset/train/22423/0076_aug_92cab2c1.jpg,22423,REGENCY CAKESTAND 3 TIER,7
../data/cnn_dataset/train/22423/0023_aug_54723fc3.jpg,22423,REGENCY CAKESTAND 3 TIER,7
../data/cnn_dataset/train/22423/0012_6f6720b7.jpg,22423,REGENCY CAKESTAND 3 TIER,7
../data/cnn_dataset/train/22423/0114_aug_034fa541.jpg,22423,REGENCY CAKESTAND 3 TIER,7
../data/cnn_dataset/train/22423/0124_aug_21877975.jpg,22423,REGENCY CAKESTAND 3 TIER,7
../data/cnn_dataset/train/22423/0018_aug_4b8479dc.jpg,22423,REGENCY CAKESTAND 3 TIER,7
../data/cnn_dataset/train/22423/0028_aug_62290437.jpg,22423,REGENCY CAKESTAND 3 TIER,7
../data/cnn_dataset/train/22423/0087_aug_e10a9891.jpg,22423,REGENCY CAKESTAND 3 TIER,7
../data/cnn_dataset/train/22423/0097_aug_58e0d80b.jpg,22423,REGENCY CAKESTAND 3 TIER,7
../data/cnn_dataset/train/22423/0081_aug_53664d98.jpg,22423,REGENCY CAKESTAND 3 TIER,7
../data/cnn_dataset/train/22423/0083_aug_6400a860.jpg,22423,REGENCY CAKESTAND 3 TIER,7
../data/cnn_dataset/train/22423/0025_aug_a1f04e5c.jpg,22423,REGENCY CAKESTAND 3 TIER,7
../data/cnn_dataset/train/22423/0125_aug_6edcef10.jpg,22423,REGENCY CAKESTAND 3 TIER,7
../data/cnn_dataset/train/22423/0079_aug_8e13af7f.jpg,22423,REGENCY CAKESTAND 3 TIER,7
../data/cnn_dataset/train/22423/0055_aug_da63f623.jpg,22423,REGENCY CAKESTAND 3 TIER,7
../data/cnn_dataset/train/22423/0060_aug_b1f18a3e.jpg,22423,REGENCY CAKESTAND 3 TIER,7
../data/cnn_dataset/train/22423/0129_aug_5a28a788.jpg,22423,REGENCY CAKESTAND 3 TIER,7
../data/cnn_dataset/train/22423/0078_aug_55392e82.jpg,22423,REGENCY CAKESTAND 3 TIER,7
../data/cnn_dataset/train/22423/0003_53f2e2f7.jpg,22423,REGENCY CAKESTAND 3 TIER,7
../data/cnn_dataset/train/22423/0113_aug_92c8819e.jpg,22423,REGENCY CAKESTAND 3 TIER,7
../data/cnn_dataset/train/22423/0077_aug_1c36acef.jpg,22423,REGENCY CAKESTAND 3 TIER,7
../data/cnn_dataset/train/22423/0074_aug_874e63bb.jpg,22423,REGENCY CAKESTAND 3 TIER,7
../data/cnn_dataset/train/22423/0108_aug_c75e8243.jpg,22423,REGENCY CAKESTAND 3 TIER,7
../data/cnn_dataset/train/22423/0058_aug_20c616d2.jpg,22423,REGENCY CAKESTAND 3 TIER,7
../data/cnn_dataset/train/22423/0090_aug_ec0d0a0c.jpg,22423,REGENCY CAKESTAND 3 TIER,7
../data/cnn_dataset/train/22423/0027_aug_ccc7f716.jpg,22423,REGENCY CAKESTAND 3 TIER,7
../data/cnn_dataset/train/22423/0066_aug_12d33d9f.jpg,22423,REGENCY CAKESTAND 3 TIER,7
../data/cnn_dataset/train/22423/0064_aug_54e0abe2.jpg,22423,REGENCY CAKESTAND 3 TIER,7
../data/cnn_dataset/train/22423/0010_93a040bf.jpg,22423,REGENCY CAKESTAND 3 TIER,7
../data/cnn_dataset/train/22423/0134_aug_d0f1d44e.jpg,22423,REGENCY CAKESTAND 3 TIER,7
../data/cnn_dataset/train/22423/0051_aug_cd9d73bb.jpg,22423,REGENCY CAKESTAND 3 TIER,7
../data/cnn_dataset/train/22423/0007_2f2797f2.jpg,22423,REGENCY CAKESTAND 3 TIER,7
../data/cnn_dataset/train/22423/0133_aug_4ca4f554.jpg,22423,REGENCY CAKESTAND 3 TIER,7
../data/cnn_dataset/train/22423/0131_aug_38156f2d.jpg,22423,REGENCY CAKESTAND 3 TIER,7
../data/cnn_dataset/train/22423/0122_aug_fe045bab.jpg,22423,REGENCY CAKESTAND 3 TIER,7
../data/cnn_dataset/train/22423/0017_aug_fd970fb3.jpg,22423,REGENCY CAKESTAND 3 TIER,7
../data/cnn_dataset/train/22423/0002_6cc22290.jpg,22423,REGENCY CAKESTAND 3 TIER,7
../data/cnn_dataset/train/22423/0019_aug_30f8e954.jpg,22423,REGENCY CAKESTAND 3 TIER,7
../data/cnn_dataset/train/22423/0036_aug_405253ff.jpg,22423,REGENCY CAKESTAND 3 TIER,7
../data/cnn_dataset/train/22423/0111_aug_61a90906.jpg,22423,REGENCY CAKESTAND 3 TIER,7
../data/cnn_dataset/train/22423/0099_aug_d77f42bd.jpg,22423,REGENCY CAKESTAND 3 TIER,7
../data/cnn_dataset/train/22423/0075_aug_75e7915b.jpg,22423,REGENCY CAKESTAND 3 TIER,7
../data/cnn_dataset/train/22423/0089_aug_560318c9.jpg,22423,REGENCY CAKESTAND 3 TIER,7
../data/cnn_dataset/train/22423/0100_aug_7bcb33b8.jpg,22423,REGENCY CAKESTAND 3 TIER,7
../data/cnn_dataset/train/22423/0059_aug_cce819a0.jpg,22423,REGENCY CAKESTAND 3 TIER,7
../data/cnn_dataset/train/22423/0035_aug_84f184b9.jpg,22423,REGENCY CAKESTAND 3 TIER,7
../data/cnn_dataset/train/22423/0102_aug_2f50fad1.jpg,22423,REGENCY CAKESTAND 3 TIER,7
../data/cnn_dataset/train/22423/0104_aug_c9625591.jpg,22423,REGENCY CAKESTAND 3 TIER,7
../data/cnn_dataset/train/22423/0103_aug_e9122855.jpg,22423,REGENCY CAKESTAND 3 TIER,7
../data/cnn_dataset/train/22727/0004_fbda4756.jpg,22727,ALARM CLOCK BAKELIKE RED,8
../data/cnn_dataset/train/22727/0113_aug_ca6c8f71.jpg,22727,ALARM CLOCK BAKELIKE RED,8
../data/cnn_dataset/train/22727/0025_aug_65daa973.jpg,22727,ALARM CLOCK BAKELIKE RED,8
../data/cnn_dataset/train/22727/0081_aug_14967718.jpg,22727,ALARM CLOCK BAKELIKE RED,8
../data/cnn_dataset/train/22727/0033_aug_b57722d2.jpg,22727,ALARM CLOCK BAKELIKE RED,8
../data/cnn_dataset/train/22727/0134_aug_52a3daea.jpg,22727,ALARM CLOCK BAKELIKE RED,8
../data/cnn_dataset/train/22727/0002_98ab1e17.jpg,22727,ALARM CLOCK BAKELIKE RED,8
../data/cnn_dataset/train/22727/0133_aug_cf8ba801.jpg,22727,ALARM CLOCK BAKELIKE RED,8
../data/cnn_dataset/train/22727/0094_aug_5160bc80.jpg,22727,ALARM CLOCK BAKELIKE RED,8
../data/cnn_dataset/train/22727/0110_aug_1f164825.jpg,22727,ALARM CLOCK BAKELIKE RED,8
../data/cnn_dataset/train/22727/0065_aug_cf11f502.jpg,22727,ALARM CLOCK BAKELIKE RED,8
../data/cnn_dataset/train/22727/0128_aug_1ad8c63e.jpg,22727,ALARM CLOCK BAKELIKE RED,8
../data/cnn_dataset/train/22727/0027_aug_02a3bab5.jpg,22727,ALARM CLOCK BAKELIKE RED,8
../data/cnn_dataset/train/22727/0036_aug_6a4bda83.jpg,22727,ALARM CLOCK BAKELIKE RED,8
../data/cnn_dataset/train/22727/0013_a3201ca3.jpg,22727,ALARM CLOCK BAKELIKE RED,8
../data/cnn_dataset/train/22727/0010_aee4bcb8.jpg,22727,ALARM CLOCK BAKELIKE RED,8
../data/cnn_dataset/train/22727/0038_aug_c6815a53.jpg,22727,ALARM CLOCK BAKELIKE RED,8
../data/cnn_dataset/train/22727/0055_aug_487c254b.jpg,22727,ALARM CLOCK BAKELIKE RED,8
../data/cnn_dataset/train/22727/0083_aug_8ada13ec.jpg,22727,ALARM CLOCK BAKELIKE RED,8
../data/cnn_dataset/train/22727/0135_aug_0018b3dd.jpg,22727,ALARM CLOCK BAKELIKE RED,8
../data/cnn_dataset/train/22727/0073_aug_980f87a0.jpg,22727,ALARM CLOCK BAKELIKE RED,8
../data/cnn_dataset/train/22727/0114_aug_191f8d65.jpg,22727,ALARM CLOCK BAKELIKE RED,8
../data/cnn_dataset/train/22727/0096_aug_f7f1669c.jpg,22727,ALARM CLOCK BAKELIKE RED,8
../data/cnn_dataset/train/22727/0097_aug_7fefbe67.jpg,22727,ALARM CLOCK BAKELIKE RED,8
../data/cnn_dataset/train/22727/0093_aug_1d87d72a.jpg,22727,ALARM CLOCK BAKELIKE RED,8
../data/cnn_dataset/train/22727/0085_aug_7f9189da.jpg,22727,ALARM CLOCK BAKELIKE RED,8
../data/cnn_dataset/train/22727/0047_aug_214d76d8.jpg,22727,ALARM CLOCK BAKELIKE RED,8
../data/cnn_dataset/train/22727/0077_aug_423e7f1a.jpg,22727,ALARM CLOCK BAKELIKE RED,8
../data/cnn_dataset/train/22727/0056_aug_aef65a93.jpg,22727,ALARM CLOCK BAKELIKE RED,8
../data/cnn_dataset/train/22727/0119_aug_9f0b7932.jpg,22727,ALARM CLOCK BAKELIKE RED,8
../data/cnn_dataset/train/22727/0123_aug_3beae65e.jpg,22727,ALARM CLOCK BAKELIKE RED,8
../data/cnn_dataset/train/22727/0072_aug_da1dbb59.jpg,22727,ALARM CLOCK BAKELIKE RED,8
../data/cnn_dataset/train/22727/0059_aug_20caeaab.jpg,22727,ALARM CLOCK BAKELIKE RED,8
../data/cnn_dataset/train/22727/0131_aug_344a9219.jpg,22727,ALARM CLOCK BAKELIKE RED,8
../data/cnn_dataset/train/22727/0102_aug_d0039ab7.jpg,22727,ALARM CLOCK BAKELIKE RED,8
../data/cnn_dataset/train/22727/0003_3fdd7ceb.jpg,22727,ALARM CLOCK BAKELIKE RED,8
../data/cnn_dataset/train/22727/0000_76d446a7.jpg,22727,ALARM CLOCK BAKELIKE RED,8
../data/cnn_dataset/train/22727/0143_aug_19d103db.jpg,22727,ALARM CLOCK BAKELIKE RED,8
../data/cnn_dataset/train/22727/0071_aug_cdd52537.jpg,22727,ALARM CLOCK BAKELIKE RED,8
../data/cnn_dataset/train/22727/0116_aug_ea08fa6f.jpg,22727,ALARM CLOCK BAKELIKE RED,8
../data/cnn_dataset/train/22727/0105_aug_1dc0873a.jpg,22727,ALARM CLOCK BAKELIKE RED,8
../data/cnn_dataset/train/22727/0028_aug_60985c18.jpg,22727,ALARM CLOCK BAKELIKE RED,8
../data/cnn_dataset/train/22727/0088_aug_793ec17b.jpg,22727,ALARM CLOCK BAKELIKE RED,8
../data/cnn_dataset/train/22727/0095_aug_48340a5c.jpg,22727,ALARM CLOCK BAKELIKE RED,8
../data/cnn_dataset/train/22727/0006_dd036b9e.jpg,22727,ALARM CLOCK BAKELIKE RED,8
../data/cnn_dataset/train/22727/0090_aug_625aa1cd.jpg,22727,ALARM CLOCK BAKELIKE RED,8
../data/cnn_dataset/train/22727/0089_aug_a04569e3.jpg,22727,ALARM CLOCK BAKELIKE RED,8
../data/cnn_dataset/train/22727/0064_aug_d24929fe.jpg,22727,ALARM CLOCK BAKELIKE RED,8
../data/cnn_dataset/train/22727/0137_aug_c17add6a.jpg,22727,ALARM CLOCK BAKELIKE RED,8
../data/cnn_dataset/train/22727/0070_aug_0b285317.jpg,22727,ALARM CLOCK BAKELIKE RED,8
../data/cnn_dataset/train/22727/0136_aug_5f216578.jpg,22727,ALARM CLOCK BAKELIKE RED,8
../data/cnn_dataset/train/22727/0104_aug_d60c45eb.jpg,22727,ALARM CLOCK BAKELIKE RED,8
../data/cnn_dataset/train/22727/0109_aug_3e072ebd.jpg,22727,ALARM CLOCK BAKELIKE RED,8
../data/cnn_dataset/train/22727/0012_09493197.jpg,22727,ALARM CLOCK BAKELIKE RED,8
../data/cnn_dataset/train/22727/0040_aug_000fb8c4.jpg,22727,ALARM CLOCK BAKELIKE RED,8
../data/cnn_dataset/train/22727/0021_aug_1ffaffba.jpg,22727,ALARM CLOCK BAKELIKE RED,8
../data/cnn_dataset/train/22727/0130_aug_25b31600.jpg,22727,ALARM CLOCK BAKELIKE RED,8
../data/cnn_dataset/train/22727/0031_aug_f63d3896.jpg,22727,ALARM CLOCK BAKELIKE RED,8
../data/cnn_dataset/train/22727/0087_aug_37b3eeed.jpg,22727,ALARM CLOCK BAKELIKE RED,8
../data/cnn_dataset/train/22727/0008_0ebcfc7d.jpg,22727,ALARM CLOCK BAKELIKE RED,8
../data/cnn_dataset/train/22727/0046_aug_bb3c6362.jpg,22727,ALARM CLOCK BAKELIKE RED,8
../data/cnn_dataset/train/22727/0011_1a0c58d5.jpg,22727,ALARM CLOCK BAKELIKE RED,8
../data/cnn_dataset/train/22727/0049_aug_4f167ced.jpg,22727,ALARM CLOCK BAKELIKE RED,8
../data/cnn_dataset/train/22727/0061_aug_b427fa2c.jpg,22727,ALARM CLOCK BAKELIKE RED,8
../data/cnn_dataset/train/22727/0017_c198fe09.jpg,22727,ALARM CLOCK BAKELIKE RED,8
../data/cnn_dataset/train/22727/0058_aug_8554d8e0.jpg,22727,ALARM CLOCK BAKELIKE RED,8
../data/cnn_dataset/train/22727/0118_aug_9aab12e8.jpg,22727,ALARM CLOCK BAKELIKE RED,8
../data/cnn_dataset/train/22727/0048_aug_5d178dd4.jpg,22727,ALARM CLOCK BAKELIKE RED,8
../data/cnn_dataset/train/22727/0125_aug_38afb3b0.jpg,22727,ALARM CLOCK BAKELIKE RED,8
../data/cnn_dataset/train/22727/0014_b1e6a7af.jpg,22727,ALARM CLOCK BAKELIKE RED,8
../data/cnn_dataset/train/22727/0100_aug_e2bae9d1.jpg,22727,ALARM CLOCK BAKELIKE RED,8
../data/cnn_dataset/train/22727/0042_aug_01f0cdab.jpg,22727,ALARM CLOCK BAKELIKE RED,8
../data/cnn_dataset/train/22727/0079_aug_2e1f1dc8.jpg,22727,ALARM CLOCK BAKELIKE RED,8
../data/cnn_dataset/train/22727/0140_aug_b2f98c6e.jpg,22727,ALARM CLOCK BAKELIKE RED,8
../data/cnn_dataset/train/22727/0066_aug_5cfe4f90.jpg,22727,ALARM CLOCK BAKELIKE RED,8
../data/cnn_dataset/train/22727/0142_aug_0e837f97.jpg,22727,ALARM CLOCK BAKELIKE RED,8
../data/cnn_dataset/train/22727/0069_aug_0f2ad26f.jpg,22727,ALARM CLOCK BAKELIKE RED,8
../data/cnn_dataset/train/22727/0026_aug_46ddc2c2.jpg,22727,ALARM CLOCK BAKELIKE RED,8
../data/cnn_dataset/train/22727/0018_aug_ec39ea47.jpg,22727,ALARM CLOCK BAKELIKE RED,8
../data/cnn_dataset/train/22727/0023_aug_cca1e004.jpg,22727,ALARM CLOCK BAKELIKE RED,8
../data/cnn_dataset/train/22727/0101_aug_75ad336a.jpg,22727,ALARM CLOCK BAKELIKE RED,8
../data/cnn_dataset/train/22727/0030_aug_711a2097.jpg,22727,ALARM CLOCK BAKELIKE RED,8
../data/cnn_dataset/train/22727/0022_aug_b528997a.jpg,22727,ALARM CLOCK BAKELIKE RED,8
../data/cnn_dataset/train/22727/0099_aug_e326a3c0.jpg,22727,ALARM CLOCK BAKELIKE RED,8
../data/cnn_dataset/train/22727/0138_aug_744aed22.jpg,22727,ALARM CLOCK BAKELIKE RED,8
../data/cnn_dataset/train/22727/0075_aug_1820cf99.jpg,22727,ALARM CLOCK BAKELIKE RED,8
../data/cnn_dataset/train/22727/0034_aug_b0c423ff.jpg,22727,ALARM CLOCK BAKELIKE RED,8
../data/cnn_dataset/train/22727/0063_aug_3b4dadde.jpg,22727,ALARM CLOCK BAKELIKE RED,8
../data/cnn_dataset/train/22727/0112_aug_9c2a9cbb.jpg,22727,ALARM CLOCK BAKELIKE RED,8
../data/cnn_dataset/train/22727/0103_aug_0752ae87.jpg,22727,ALARM CLOCK BAKELIKE RED,8
../data/cnn_dataset/train/22727/0019_aug_815d4bb8.jpg,22727,ALARM CLOCK BAKELIKE RED,8
../data/cnn_dataset/train/22727/0120_aug_fee3a1e6.jpg,22727,ALARM CLOCK BAKELIKE RED,8
../data/cnn_dataset/train/22727/0009_fc2bfe01.jpg,22727,ALARM CLOCK BAKELIKE RED,8
../data/cnn_dataset/train/22727/0111_aug_5daf7d67.jpg,22727,ALARM CLOCK BAKELIKE RED,8
../data/cnn_dataset/train/22727/0050_aug_fb43c5ae.jpg,22727,ALARM CLOCK BAKELIKE RED,8
../data/cnn_dataset/train/22727/0117_aug_fea3db9e.jpg,22727,ALARM CLOCK BAKELIKE RED,8
../data/cnn_dataset/train/22727/0068_aug_2b9ce26f.jpg,22727,ALARM CLOCK BAKELIKE RED,8
../data/cnn_dataset/train/22727/0086_aug_fc81a8ed.jpg,22727,ALARM CLOCK BAKELIKE RED,8
../data/cnn_dataset/train/22727/0041_aug_514079db.jpg,22727,ALARM CLOCK BAKELIKE RED,8
../data/cnn_dataset/train/22727/0054_aug_3b090e83.jpg,22727,ALARM CLOCK BAKELIKE RED,8
../data/cnn_dataset/train/23298/0073_aug_e137c103.jpg,23298,SPOTTY BUNTING,9
../data/cnn_dataset/train/23298/0095_aug_5307b484.jpg,23298,SPOTTY BUNTING,9
../data/cnn_dataset/train/23298/0096_aug_5fedca0f.jpg,23298,SPOTTY BUNTING,9
../data/cnn_dataset/train/23298/0078_aug_06015f0b.jpg,23298,SPOTTY BUNTING,9
../data/cnn_dataset/train/23298/0092_aug_60617a84.jpg,23298,SPOTTY BUNTING,9
../data/cnn_dataset/train/23298/0083_aug_9de985b9.jpg,23298,SPOTTY BUNTING,9
../data/cnn_dataset/train/23298/0047_aug_5aa90cca.jpg,23298,SPOTTY BUNTING,9
../data/cnn_dataset/train/23298/0020_aug_511eb7fa.jpg,23298,SPOTTY BUNTING,9
../data/cnn_dataset/train/23298/0097_aug_2018927c.jpg,23298,SPOTTY BUNTING,9
../data/cnn_dataset/train/23298/0125_aug_7bb37794.jpg,23298,SPOTTY BUNTING,9
../data/cnn_dataset/train/23298/0002_84f10adb.jpg,23298,SPOTTY BUNTING,9
../data/cnn_dataset/train/23298/0080_aug_fca75206.jpg,23298,SPOTTY BUNTING,9
../data/cnn_dataset/train/23298/0081_aug_97001db3.jpg,23298,SPOTTY BUNTING,9
../data/cnn_dataset/train/23298/0040_aug_10bd6272.jpg,23298,SPOTTY BUNTING,9
../data/cnn_dataset/train/23298/0015_5ae36331.jpg,23298,SPOTTY BUNTING,9
../data/cnn_dataset/train/23298/0118_aug_98814cf6.jpg,23298,SPOTTY BUNTING,9
../data/cnn_dataset/train/23298/0066_aug_e84676c5.jpg,23298,SPOTTY BUNTING,9
../data/cnn_dataset/train/23298/0110_aug_895a64d0.jpg,23298,SPOTTY BUNTING,9
../data/cnn_dataset/train/23298/0117_aug_e2da280a.jpg,23298,SPOTTY BUNTING,9
../data/cnn_dataset/train/23298/0111_aug_243633e3.jpg,23298,SPOTTY BUNTING,9
../data/cnn_dataset/train/23298/0126_aug_341e1dfa.jpg,23298,SPOTTY BUNTING,9
../data/cnn_dataset/train/23298/0056_aug_86f31dbf.jpg,23298,SPOTTY BUNTING,9
../data/cnn_dataset/train/23298/0101_aug_81e972a2.jpg,23298,SPOTTY BUNTING,9
../data/cnn_dataset/train/23298/0011_2f78808d.jpg,23298,SPOTTY BUNTING,9
../data/cnn_dataset/train/23298/0045_aug_98f7cd67.jpg,23298,SPOTTY BUNTING,9
../data/cnn_dataset/train/23298/0054_aug_dd927bb1.jpg,23298,SPOTTY BUNTING,9
../data/cnn_dataset/train/23298/0122_aug_346a53ad.jpg,23298,SPOTTY BUNTING,9
../data/cnn_dataset/train/23298/0006_cb72d98a.jpg,23298,SPOTTY BUNTING,9
../data/cnn_dataset/train/23298/0077_aug_51e7d103.jpg,23298,SPOTTY BUNTING,9
../data/cnn_dataset/train/23298/0023_aug_487db708.jpg,23298,SPOTTY BUNTING,9
../data/cnn_dataset/train/23298/0009_b0823518.jpg,23298,SPOTTY BUNTING,9
../data/cnn_dataset/train/23298/0115_aug_b365de7a.jpg,23298,SPOTTY BUNTING,9
../data/cnn_dataset/train/23298/0059_aug_9f2cf254.jpg,23298,SPOTTY BUNTING,9
../data/cnn_dataset/train/23298/0065_aug_5d87d4d7.jpg,23298,SPOTTY BUNTING,9
../data/cnn_dataset/train/23298/0127_aug_414dab85.jpg,23298,SPOTTY BUNTING,9
../data/cnn_dataset/train/23298/0022_aug_c667ea2d.jpg,23298,SPOTTY BUNTING,9
../data/cnn_dataset/train/23298/0123_aug_feb3b198.jpg,23298,SPOTTY BUNTING,9
../data/cnn_dataset/train/23298/0082_aug_cb73469d.jpg,23298,SPOTTY BUNTING,9
../data/cnn_dataset/train/23298/0001_f45a331c.jpg,23298,SPOTTY BUNTING,9
../data/cnn_dataset/train/23298/0048_aug_181a925c.jpg,23298,SPOTTY BUNTING,9
../data/cnn_dataset/train/23298/0027_aug_f2c32fd9.jpg,23298,SPOTTY BUNTING,9
../data/cnn_dataset/train/23298/0037_aug_3c4dc153.jpg,23298,SPOTTY BUNTING,9
../data/cnn_dataset/train/23298/0029_aug_b2a13c98.jpg,23298,SPOTTY BUNTING,9
../data/cnn_dataset/train/23298/0003_9fa20d8a.jpg,23298,SPOTTY BUNTING,9
../data/cnn_dataset/train/23298/0072_aug_ec5b5286.jpg,23298,SPOTTY BUNTING,9
../data/cnn_dataset/train/23298/0024_aug_14a8af9c.jpg,23298,SPOTTY BUNTING,9
../data/cnn_dataset/train/23298/0013_251942e6.jpg,23298,SPOTTY BUNTING,9
../data/cnn_dataset/train/23298/0124_aug_7db6fb79.jpg,23298,SPOTTY BUNTING,9
../data/cnn_dataset/train/23298/0036_aug_d9c518ac.jpg,23298,SPOTTY BUNTING,9
../data/cnn_dataset/train/23298/0091_aug_3d03c339.jpg,23298,SPOTTY BUNTING,9
../data/cnn_dataset/train/23298/0052_aug_e1c1abe5.jpg,23298,SPOTTY BUNTING,9
../data/cnn_dataset/train/23298/0061_aug_0d3a4895.jpg,23298,SPOTTY BUNTING,9
../data/cnn_dataset/train/23298/0018_aug_a107eede.jpg,23298,SPOTTY BUNTING,9
../data/cnn_dataset/train/23298/0010_043f3c6f.jpg,23298,SPOTTY BUNTING,9
../data/cnn_dataset/train/23298/0005_9a4d6db6.jpg,23298,SPOTTY BUNTING,9
../data/cnn_dataset/train/23298/0016_6b3c308e.jpg,23298,SPOTTY BUNTING,9
../data/cnn_dataset/train/23298/0043_aug_d758e53c.jpg,23298,SPOTTY BUNTING,9
../data/cnn_dataset/train/23298/0103_aug_cee53fd1.jpg,23298,SPOTTY BUNTING,9
../data/cnn_dataset/train/23298/0019_aug_640ab070.jpg,23298,SPOTTY BUNTING,9
../data/cnn_dataset/train/23298/0042_aug_f23bfe16.jpg,23298,SPOTTY BUNTING,9
../data/cnn_dataset/train/23298/0025_aug_5a757185.jpg,23298,SPOTTY BUNTING,9
../data/cnn_dataset/train/23298/0057_aug_7ca0efec.jpg,23298,SPOTTY BUNTING,9
../data/cnn_dataset/train/23298/0021_aug_de2c735b.jpg,23298,SPOTTY BUNTING,9
../data/cnn_dataset/train/23298/0035_aug_6bd61c88.jpg,23298,SPOTTY BUNTING,9
../data/cnn_dataset/train/23298/0026_aug_68f41a46.jpg,23298,SPOTTY BUNTING,9
../data/cnn_dataset/train/23298/0000_4288c0bc.jpg,23298,SPOTTY BUNTING,9
../data/cnn_dataset/train/23298/0008_bc49e391.jpg,23298,SPOTTY BUNTING,9
../data/cnn_dataset/train/23298/0053_aug_93e016c7.jpg,23298,SPOTTY BUNTING,9
../data/cnn_dataset/train/23298/0102_aug_e859e790.jpg,23298,SPOTTY BUNTING,9
../data/cnn_dataset/train/23298/0012_bc41d621.jpg,23298,SPOTTY BUNTING,9
../data/cnn_dataset/train/23298/0116_aug_e1bb50b2.jpg,23298,SPOTTY BUNTING,9
../data/cnn_dataset/train/23298/0130_aug_2bfc021d.jpg,23298,SPOTTY BUNTING,9
../data/cnn_dataset/train/23298/0049_aug_58268e54.jpg,23298,SPOTTY BUNTING,9
../data/cnn_dataset/train/23298/0004_3aaa2b0b.jpg,23298,SPOTTY BUNTING,9
../data/cnn_dataset/train/23298/0134_aug_70c36c92.jpg,23298,SPOTTY BUNTING,9
../data/cnn_dataset/train/23298/0104_aug_43e37494.jpg,23298,SPOTTY BUNTING,9
../data/cnn_dataset/train/23298/0033_aug_2abf9bbd.jpg,23298,SPOTTY BUNTING,9
../data/cnn_dataset/train/23298/0128_aug_4435cc69.jpg,23298,SPOTTY BUNTING,9
../data/cnn_dataset/train/23298/0014_a6497553.jpg,23298,SPOTTY BUNTING,9
../data/cnn_dataset/train/23298/0112_aug_ba095923.jpg,23298,SPOTTY BUNTING,9
../data/cnn_dataset/train/23298/0100_aug_a4fbbfe8.jpg,23298,SPOTTY BUNTING,9
../data/cnn_dataset/train/23298/0087_aug_067b0bb7.jpg,23298,SPOTTY BUNTING,9
../data/cnn_dataset/train/23298/0063_aug_82032e3c.jpg,23298,SPOTTY BUNTING,9
../data/cnn_dataset/train/23298/0107_aug_f27caa37.jpg,23298,SPOTTY BUNTING,9
../data/cnn_dataset/train/23298/0064_aug_61aa71d9.jpg,23298,SPOTTY BUNTING,9
../data/cnn_dataset/train/23298/0055_aug_38769165.jpg,23298,SPOTTY BUNTING,9
../data/cnn_dataset/train/23298/0032_aug_ba99d43d.jpg,23298,SPOTTY BUNTING,9
../data/cnn_dataset/train/23298/0070_aug_c63e6538.jpg,23298,SPOTTY BUNTING,9
../data/cnn_dataset/train/23298/0090_aug_023926ee.jpg,23298,SPOTTY BUNTING,9
../data/cnn_dataset/train/23298/0044_aug_5fb36a17.jpg,23298,SPOTTY BUNTING,9
../data/cnn_dataset/train/23298/0058_aug_3626ecc6.jpg,23298,SPOTTY BUNTING,9
../data/cnn_dataset/train/23298/0121_aug_fb371581.jpg,23298,SPOTTY BUNTING,9
../data/cnn_dataset/train/23298/0041_aug_8289792d.jpg,23298,SPOTTY BUNTING,9
../data/cnn_dataset/train/23298/0114_aug_7fad614e.jpg,23298,SPOTTY BUNTING,9
../data/cnn_dataset/train/23298/0106_aug_a83825ab.jpg,23298,SPOTTY BUNTING,9
